代码,名称,总市值,上市时间,20200331_营业收入,20200331_净利润,20200630_营业收入,20200630_净利润,20200930_营业收入,20200930_净利润,20201231_营业收入,20201231_净利润,20210331_营业收入,20210331_净利润,20210630_营业收入,20210630_净利润,20210930_营业收入,20210930_净利润,20211231_营业收入,20211231_净利润,20220331_营业收入,20220331_净利润,20220630_营业收入,20220630_净利润,20220930_营业收入,20220930_净利润,20221231_营业收入,20221231_净利润
603291,N联合,3571981898.0,2023-03-27,,,,,,,797442437.55,118494386.33,,,418089800.0,44549900.0,,,1040655290.33,140601648.26,,,505081323.49,49146669.58,,,1156980071.72,129734793.58
688316,青云科技-U,3625635548.0,2021-03-16,61031038.71,-41521891.84,144132893.67,-77377555.5,242684830.76,-130188045.13,428610865.29,-163383527.68,87518081.4,-61517898.12,184223180.74,-146850711.8,294774584.38,-235498894.38,423834209.2,-282785337.76,79630486.86,-72112046.96,156891597.48,-153548776.01,232846582.1,-209031662.57,,
688662,富信科技,3091929600.0,2021-04-01,89585125.99,6740016.91,248806317.23,30691968.78,448829399.82,54582822.87,624442584.65,74305598.48,142548289.12,12736652.56,319161945.97,35525222.65,517732119.35,66650057.89,696661016.21,88370987.37,132524952.6,13322552.76,296658857.18,34032407.59,428375786.68,55535525.86,,
603282,亚光股份,4734551600.0,2023-03-15,,,,,,,418398092.69,84042873.74,,,225798026.28,45396077.98,,,483908606.82,93600417.85,,,,,,,916183404.1,167597875.29
688258,卓易信息,4812177746.0,2019-12-09,28656496.57,9215726.13,75402837.9,25288638.98,133405650.98,43524113.68,198416265.14,58053310.21,44755217.69,17270430.69,96717620.57,28861047.65,167616522.7,49029526.74,236604121.94,42148495.57,51919320.56,16071179.21,105647933.96,14687734.87,181833860.19,31549216.27,,
688058,宝兰德,3650640000.0,2019-11-01,8921689.47,-1333099.48,32249111.98,4154939.21,73192217.45,1006620.55,182260206.51,61055136.92,33054099.06,2691748.2,86846117.76,14057070.0,127812822.48,5944675.94,199839475.8,26820613.19,63003695.98,14217126.91,107499218.93,-3928756.02,161473252.65,-27299377.09,,
688228,开普云,4139447910.0,2020-03-27,28924003.62,1005099.11,81800492.66,7986871.71,164355584.53,22605764.68,301232157.16,68844837.62,31137148.5,-1537550.25,87587984.39,4252908.27,171400820.84,12097586.01,460594848.32,60855479.86,50664376.2,-4644992.07,119145818.32,-4827528.83,200355277.39,13543082.9,,
688160,步科股份,3872400000.0,2020-11-12,70527468.26,9680507.17,186224129.21,32793077.85,302976327.98,49158464.35,434089679.25,66173262.33,112105595.86,17400991.31,246229663.5,38411459.63,391310028.35,57469050.42,537326398.15,74710746.8,100784138.47,15119717.46,256328979.31,42888892.73,393949231.97,66255291.39,,
605178,时空科技,2340352728.0,2020-08-21,141387994.96,19319829.91,413737279.63,73442952.03,685645655.59,92145320.82,896490820.6,132814235.33,145170041.28,4748961.42,415233230.31,31842302.47,636361139.13,34465807.5,745782951.05,-17714045.87,133376076.67,-10780561.5,276589991.02,-46863667.04,308147215.69,-121114584.87,329889674.67,-209097098.53
688288,鸿泉物联,2608941920.0,2019-11-06,65941294.71,10890921.99,198254152.28,36896754.04,302676475.59,54823774.72,456160984.28,88306624.56,134618032.51,20937496.47,250871950.39,41380112.48,318039859.36,42696698.17,405595347.54,29572603.41,69056754.7,-15071632.63,119651562.71,-31175229.82,179187908.17,-58362584.88,,
605398,新炬网络,3247769213.0,2021-01-21,80867360.96,11997793.79,239608267.83,51978558.45,371202500.31,56889626.7,560976966.38,108489238.64,99544184.81,10774745.48,242601439.49,32789092.78,385422779.59,38378225.96,591436745.5,69254724.42,129465389.87,10247228.11,283138348.26,22531352.23,433974360.57,33010668.86,,
688329,艾隆科技,2792324000.0,2021-03-29,10152296.71,-6904286.29,90382443.3,13307943.57,156120858.32,28548483.53,309979146.84,71657095.31,39949459.16,5894796.45,130462808.9,18612856.94,207372660.68,39656233.65,389321010.94,95587569.27,43109552.26,-393057.54,165993411.03,30212509.22,302015219.68,60806711.97,,
603956,威派格,4799629827.0,2019-02-22,81190010.6,-24355525.12,312362977.75,26156868.43,592479092.77,83760437.11,1002234628.72,170825095.22,148971981.88,13719115.28,445680495.04,70219824.29,804968023.6,141331988.4,1264045809.77,195858904.67,110569188.37,-54829082.71,317752683.88,-80120908.46,517203262.35,-140193810.65,,
688355,明志科技,3656704124.0,2021-05-12,115854459.7,18479966.91,243968576.13,52873819.49,409715467.49,79956669.21,612474889.72,117693293.73,161022393.46,29274859.65,318104585.7,47644416.36,475573922.61,65112481.16,713788813.56,123360441.37,161097365.18,15123300.2,281799896.81,6328274.08,461401542.52,24715181.48,,
688021,奥福环保,2212629010.0,2019-11-06,70365777.37,20751100.2,149923197.69,42868288.19,224198862.75,63386304.62,314146544.04,80020844.7,90621884.17,26772984.01,177060164.03,44584855.61,276699620.87,60730202.25,396012673.09,65824900.64,55566314.31,9926677.22,102258266.62,4463533.29,137104238.37,-963347.32,,
688015,交控科技,4674153900.0,2019-07-22,273062874.5,22923599.69,739177565.54,87373378.93,1242022995.21,128255171.42,2026170762.29,236794473.24,363631253.9,24576139.74,1044003518.89,106341985.69,1724634519.81,181609914.69,2582126709.86,291006416.2,388206414.27,21934489.56,935632927.57,81407610.36,1467393071.57,140789269.44,,
603949,雪龙集团,3750001341.0,2020-03-10,85981313.45,18514604.6,220455093.85,60084290.48,339742505.57,97457886.8,487671779.87,146112356.46,127588239.45,42369350.83,277634451.43,80318258.74,372496786.95,102196322.65,472911188.13,128237476.46,77398802.16,17774981.89,155452862.3,28263771.05,211218313.87,36319763.14,,
688678,福立旺,4021720000.0,2020-12-23,80082962.91,18246408.38,200303290.93,44510419.27,328997771.92,71382567.09,516950211.02,111559341.41,156602700.28,25184993.08,319182002.97,53785919.1,509688333.83,92577594.32,726487784.03,122139075.84,212456440.05,38192551.85,396197983.45,66752847.77,667372951.83,107964279.22,,
688393,安必平,2833802400.0,2020-08-20,38461902.33,9880542.01,144820362.67,32596311.84,264639058.28,66376047.17,375433111.72,84745713.59,99508003.08,26664570.54,212376439.3,50880437.99,327082118.89,74514845.06,438988843.57,79775774.51,120089759.96,19624115.78,242525206.0,35205636.06,374325569.6,43644589.05,,
688108,赛诺医疗,2603500000.0,2019-10-30,72121895.05,7875169.01,176446024.58,31360544.71,275118508.23,49033669.81,327419971.68,22493245.66,27708180.53,-41293005.23,78633119.1,-81542212.35,121132265.09,-111133734.42,194356081.09,-130765690.12,59092563.59,-29398472.91,110302755.9,-71234762.46,165927252.95,-108931045.36,,
603097,江苏华辰,3262400000.0,2022-05-12,,,,,,,681464559.06,82737462.32,168478657.04,10473619.08,386822827.82,36075373.9,602524515.93,45650621.53,871050776.59,78416550.45,180964230.9,28658799.41,397803354.31,39212529.46,685918728.46,62761876.17,,
688051,佳华科技,3265041480.0,2020-03-20,137493257.32,27157533.83,288586458.37,69310253.85,409876211.17,88278554.01,681426486.26,176947317.29,108184242.57,8224590.62,295057134.48,12537517.19,362365262.09,-5357505.41,486347694.22,-129246253.48,63803878.94,-36972002.46,137962752.84,-58991986.49,218360729.82,-81472591.81,,
688159,有方科技,2094876461.0,2020-01-23,114714005.47,-9633019.08,278902084.26,-26499525.97,432009625.37,-41356972.2,573615812.03,-75064760.61,131076367.46,-23923018.46,412386318.89,-17344488.31,684802692.65,-10312183.59,1024558178.66,-12964008.42,146785887.64,-6315627.96,351203972.54,-14882904.22,582176048.76,-24269523.98,,
688580,伟思医疗,4474276128.0,2020-07-21,57018176.82,16985782.8,157026456.31,53635147.28,255077629.95,85609917.67,378367273.31,143659347.24,80199797.02,31281901.82,191430539.53,69181585.47,303313033.64,107573509.85,430044459.65,177811885.55,54107297.63,17009682.26,134125295.83,38256806.47,216579425.15,62168808.28,,
688386,泛亚微透,3654000000.0,2020-10-16,42367460.22,6032392.92,110120088.67,17669494.47,185225318.66,33317002.9,277734747.28,55271336.92,68699005.74,16075966.83,142553148.08,33972073.57,210863015.22,43422551.05,316615240.65,66398200.58,75226296.26,18002002.72,146264226.11,26429385.92,245570860.75,42802440.58,364464300.36,31344909.48
688251,井松智能,2107927618.0,2022-06-06,,,,,,,401739526.87,53674559.15,7600021.4,-8912928.99,141671975.26,5888556.85,160700374.68,-880386.06,538640620.51,68288614.2,80067497.22,16171187.42,177721829.56,25532093.66,247588010.3,23527985.24,,
688078,龙软科技,3395545500.0,2019-12-30,26079861.38,2066619.21,83005078.71,21650688.33,121433189.62,25809352.19,197641737.86,50745268.79,25024280.72,2906970.9,98390363.24,22770373.24,170671243.81,38176327.84,290867095.39,63078053.82,42735107.34,9209741.87,115196514.68,28567912.79,213060678.78,50973682.02,,
688255,凯尔达,3183633207.0,2021-10-25,,,246207480.24,23407008.11,428961247.28,52680015.85,594250993.84,74049318.79,171637356.42,19319653.75,340087655.55,37236841.86,446867585.71,46407382.8,542297539.14,59848739.69,125754463.11,14606703.46,207448441.27,22674157.26,316538453.57,34207714.23,,
688500,慧辰股份,2439917654.0,2020-07-16,58003449.04,-2280174.68,147785533.53,11099121.31,227177073.09,17933367.98,389342428.64,73701204.45,76655804.6,-1130083.64,206512691.34,14045457.19,330403125.37,22019892.18,475981997.26,-38202852.46,94178144.65,-2538509.38,212858100.65,-3921539.93,331887932.69,-9161386.64,,
688109,品茗科技,2120586000.0,2021-03-30,37683572.41,2849398.3,147077749.02,36418709.04,243131213.74,57329232.7,379892484.88,97642420.3,73158001.63,13388158.86,192570648.45,39418006.4,297005981.34,33229630.55,475495638.02,62679510.83,67969817.86,-25180955.77,180096383.44,-18302286.73,268438984.93,-52950386.31,,
688597,煜邦电力,2745919569.0,2021-06-17,35836525.62,-4594033.38,74013613.97,-14845362.86,267360420.32,32819178.12,459122190.53,62377896.0,43713211.8,2401012.28,111220541.31,-2887405.61,180044332.62,-4089501.02,391250695.88,36323599.36,68310581.68,5731891.94,188163239.09,25723736.2,366727620.25,57615648.21,622473954.94,79259337.54
688218,江苏北人,2623310239.0,2019-12-11,33721697.29,-2305521.02,171448772.87,11222282.44,262436604.82,13617612.1,472872171.43,29538734.33,78764441.22,3561372.98,201050065.78,6888072.31,342526458.01,14547993.01,587427407.92,21770498.67,51568000.94,-4918477.32,146168135.89,-7886865.19,278344216.53,-3902476.78,,
605580,恒盛能源,3126000000.0,2021-08-19,97461808.36,15668467.33,233488689.63,46606729.97,362586903.33,78652653.09,526804519.43,109213456.18,172912617.31,31845091.74,341888613.32,64677476.57,507931792.99,89918720.27,770618703.5,124561132.13,189339812.37,40567101.99,431753923.49,71573535.42,621129110.48,95490917.27,,
688010,福光股份,3973164865.0,2019-07-22,108708859.99,14437430.45,234554712.62,25387326.54,369367483.67,35036399.04,587549634.41,51020219.26,123725825.71,11323715.14,302045319.01,22252238.39,482785841.72,31991002.54,674640293.22,45038764.38,131428926.84,12762562.77,314406253.94,11453820.8,526507750.48,19459877.89,,
603836,海程邦达,3511574905.0,2021-05-26,774101744.4,25345152.05,2225214160.03,95986807.64,3599916435.7,129997684.19,5427929319.17,185269139.34,2075998874.87,67757355.35,4743094921.8,164532446.21,8386172138.57,360947429.19,11913083361.27,478979235.66,3711557927.56,81599162.41,7486782941.82,186974068.3,10344488056.53,249419637.69,,
688607,康众医疗,2071032135.0,2021-02-01,41841807.86,2397865.11,122809435.68,19790621.99,228879089.29,45946795.57,339220790.01,75144418.07,88763204.08,22444014.27,177273445.86,46517819.95,250934141.22,63637165.7,341984505.45,85089972.0,38090182.58,-7222776.21,100695960.53,-2772198.14,143269804.41,-3592089.92,,
688136,科兴制药,4436985515.0,2020-12-14,345501184.83,85431358.57,566186931.92,94546763.1,891398225.86,117483107.2,1220289989.43,139137168.72,277043705.24,46564983.61,595423418.26,60749153.27,896224612.15,75311132.71,1285171728.9,96463914.26,269714119.7,29109430.39,629379018.44,2897571.63,944008005.28,-56719202.87,,
605319,无锡振华,3508672000.0,2021-06-07,188178985.6,6519164.64,546874638.05,34644032.68,918993001.23,70228588.31,1416901448.4,105426974.69,335591549.16,28860017.18,657994527.02,40393471.6,1048589600.9,63399273.11,1581769265.78,90996066.23,413408076.19,18361156.9,739710554.35,15503472.96,1245281482.82,44734718.0,,
688273,麦澜德,4101000000.0,2022-08-11,,,,,,,336519666.73,121934285.62,60591475.63,20283800.0,154109021.36,55272730.09,230608968.46,77543053.03,341642519.62,118383026.54,74569991.7,21084503.33,183133442.96,46638025.29,298319574.22,98064927.63,,
688068,热景生物,4613575320.0,2019-09-30,38371413.9,512677.27,89900252.65,1953447.34,145513104.79,5073501.29,513533629.7,112066635.67,1227559093.76,601324562.98,3599723029.86,1452618446.57,3795574243.3,1476338876.71,5369203761.63,2185763390.61,1364354033.74,605961546.65,2045686303.62,814779279.82,3009179202.3,1101511599.04,,
688026,洁特生物,3266250733.0,2020-01-22,74480442.23,33480488.37,268660089.28,110090704.58,377568802.42,129234773.56,503933836.45,119371464.55,173974009.06,48051641.98,399962167.63,92866896.31,632192004.71,150928316.74,855658196.26,171157975.38,190362813.69,41015898.04,349702873.23,69965226.46,480300424.47,85599394.21,,
688175,高凌信息,3827742815.0,2022-03-15,,,,,,,397578619.14,109347695.76,62702597.14,5721013.7,197817062.6,37777015.02,260725344.24,47961639.24,495249996.54,118930163.25,45785275.5,2275572.78,227455341.77,36928719.71,275916827.74,41858086.61,,
688191,智洋创新,2985819039.0,2021-04-08,15111966.89,306662.88,161938529.07,29632487.5,274361193.69,50153058.99,502233258.95,92177027.78,32522708.82,-1680314.88,237034851.58,23695232.03,384871237.49,50961823.58,656019014.11,70467883.08,123916463.8,15864086.52,313256078.05,17225847.26,463320339.76,25787667.32,,
688081,兴图新科,1689120000.0,2020-01-06,2100848.15,-13075208.82,35752893.6,-4883229.92,73446514.81,1703899.74,192675899.11,32840253.36,4596270.25,-19487443.11,74874479.44,1800922.13,83509326.91,-24880061.32,156650242.44,-45611323.83,26415603.28,-1871361.67,43233509.67,-19108747.88,63354705.74,-39599748.24,,
688217,睿昂基因,2574329419.0,2021-05-17,42656765.27,1626212.55,135975866.45,13724127.36,205308678.16,28363921.79,284925965.97,38713469.94,64770985.83,16383482.82,136019895.19,24929146.1,208957521.99,42736350.75,290951595.17,47332599.14,48273660.16,-2331194.58,172711518.44,21282798.96,272407214.95,36621689.27,,
688613,奥精医疗,3344000017.0,2021-05-21,14526183.96,115390.9,41634322.57,10022981.71,102245191.82,46208096.62,183760228.07,88944491.34,36686118.23,18091487.92,91234022.15,47284750.89,154753320.07,85011951.78,236063153.91,120782633.54,45892651.03,13148745.08,104339254.18,32830831.58,175969143.11,65078920.53,,
603230,内蒙新华,4390755660.0,2021-12-24,,,,,1098363509.48,250190177.45,1270094864.91,200776771.82,424147537.49,104541562.1,712523398.68,105851832.07,1327140772.52,267637732.92,1591776032.59,228508771.45,462352413.02,112885090.96,714538625.74,123522572.69,1398434300.58,295975796.62,,
688125,安达智能,4087272686.0,2022-04-15,,,,,301768554.73,74543633.06,506690270.62,133401807.7,120720618.16,24714208.42,237092911.77,46052845.26,463985583.47,122562914.09,628113229.68,152772024.33,139244636.0,26035832.6,279122217.63,60997372.75,525671318.83,140209679.25,,
688456,有研粉材,3271509600.0,2021-03-17,321618320.51,7454678.01,736902535.46,27818002.95,1206073070.87,43159881.81,1736306083.59,132168608.37,572716113.19,14235989.05,1267207913.39,33734241.15,1979788254.2,49198673.77,2780806538.15,81230063.46,760426041.29,15454437.03,1565023876.64,32563199.74,2133981593.75,38361076.56,,
688030,山石网科,4758042221.0,2019-09-30,57867120.17,-69894221.54,222880631.12,-59634344.86,415876950.53,-46981930.65,725388848.88,60235219.58,94624546.95,-84076970.49,294911446.8,-97738183.87,602886433.24,-20778951.71,1026948139.06,75526102.89,144742465.65,-71705779.51,384556747.94,-77032859.79,713733934.37,-38658598.9,,
605277,新亚电子,3683678597.0,2021-01-06,164197512.33,17808098.96,406910263.45,52213713.56,677363083.44,79194291.87,1000831627.08,119076070.77,331026894.02,36516576.27,715751824.69,89116674.36,1076510949.87,131776255.66,1473925735.35,168490683.99,360568316.26,34294428.21,742254776.73,86718256.86,1060929485.14,117505648.42,,
688090,瑞松科技,1956151476.0,2020-02-17,192371527.35,14260859.41,423167891.38,26876749.4,647893438.57,42033263.81,798906310.35,49939878.1,191855269.51,2454215.07,461050813.8,10676783.3,710299987.62,21514836.6,955857058.38,27752379.28,286409896.33,7461788.02,584760900.25,18206957.95,827842382.22,16250734.11,,
603895,天永智能,3025159200.0,2018-01-22,81824474.15,7244402.79,252068508.62,15001162.88,388090468.54,22418554.93,506892838.44,12203983.15,105201861.15,6713218.52,239513978.18,11414834.86,379121288.31,17224938.72,503760947.77,7217655.79,151108083.9,9253187.8,310146194.79,7654620.56,457929421.21,5050972.66,,
688416,恒烁股份,4510342688.0,2022-08-29,,,,,,,251731453.29,20597101.2,,,267474146.58,54688804.12,452708270.67,122036864.32,575855774.9,147559884.0,,,266209415.54,46401700.91,349867750.98,46640667.33,,
688049,炬芯科技,4934900000.0,2021-11-29,,,,,259085812.21,902142.1,410416659.99,24088385.69,101637617.8,5732893.54,246636068.8,35313906.94,404738572.97,64020303.94,526267171.76,83947793.89,86834904.86,10493787.21,212437336.01,36044817.98,307573895.98,48656158.93,,
603351,威尔药业,3437087820.0,2019-01-30,155405905.89,32186509.68,332267261.35,57449656.26,511622582.01,75603005.68,736063748.91,100446704.13,227430578.9,26209240.14,484789805.14,56498039.97,764195246.66,83841456.34,1042305915.97,101370204.55,290586279.28,27529731.11,588110281.95,60762416.76,850975692.57,78551568.9,,
605567,春雪食品,2934000000.0,2021-10-13,,,857464512.41,97207736.9,1364226124.88,127963079.58,1862971958.64,148435698.14,441910432.17,26538830.58,989364830.0,37929864.67,1560927926.89,68228604.25,2033360493.79,56581368.15,486113249.89,11777093.22,1123391071.58,42697779.36,1825831027.55,77798021.28,,
688701,卓锦股份,1201782479.0,2021-09-16,19471205.49,-3805167.1,53100546.77,-13642965.5,202632629.09,12796305.97,340598376.22,46745312.08,49099607.96,-2431808.72,116639311.99,-3001788.27,253605204.25,15485197.3,413185650.39,17174677.06,70650672.51,-2244197.77,137256488.43,134528.32,178587729.22,-29927016.04,,
688793,倍轻松,3377872000.0,2021-07-15,132302678.99,-12260600.66,329667754.64,11859333.09,522464251.98,32769522.05,826484571.04,70707377.52,214891263.85,11132709.49,543741814.47,41363224.78,813264761.33,65978869.84,1189539638.54,91861861.17,247744027.72,-9889836.0,458623415.18,-35458118.93,648988975.95,-57529429.25,,
688199,久日新材,4152096444.0,2019-11-05,237519917.68,22907908.7,482639508.26,75189799.35,707444361.26,114118240.87,1011418016.27,136742721.34,311387971.99,38244937.96,628695225.46,83659503.71,894241003.36,108146877.61,1252459155.24,165657630.46,422988893.15,54775456.06,817452236.5,99876622.09,1111657404.72,105770194.53,,
603102,百合股份,2838400000.0,2022-01-25,,,,,417976823.75,92084690.99,578287203.18,127115910.01,144524399.77,32396564.27,306262464.98,68886958.52,470021184.6,117955773.53,661874435.29,148039239.1,146138526.49,31101485.21,328035576.35,71665540.3,519223878.36,106646743.71,,
688466,金科环境,2069586400.0,2020-05-08,57357651.06,3798730.41,213890659.54,30242188.69,274898119.02,34790609.7,557212040.55,71624793.66,67786745.3,4885621.86,255348369.1,33686917.98,328534841.1,35522542.32,559511480.75,62292807.99,97220364.6,5597034.7,218978555.19,34175412.86,313104226.4,36536806.0,,
605177,东亚药业,2770704000.0,2020-11-25,144861994.62,7222815.25,506749395.33,86066585.93,677407579.12,107696472.42,881670693.22,114481599.47,189641637.8,24540005.7,345057772.8,58117927.24,472400675.53,53352757.42,712218140.55,68492057.55,254966058.04,22461105.1,535335628.64,41975406.67,854512627.54,61068549.96,,
688767,博拓生物,4707200015.0,2021-09-08,,,493453401.44,302492571.5,643793253.72,356213218.66,865371453.85,435146719.99,491831302.73,233153538.66,1157785128.3,568730460.95,1503248673.8,719110208.38,1818075902.95,833590633.07,1017267845.08,492528719.71,1523920126.55,744966357.17,1756664370.19,884786469.13,,
688338,赛科希德,4097096640.0,2020-08-06,32087312.55,3527198.52,99194115.13,25046487.68,151135602.87,40158932.04,222398393.41,69188424.17,50843046.14,19451138.7,110690541.41,41724265.86,164152824.88,67039891.03,239915362.66,97368830.48,49375230.28,18245252.74,106222413.05,47450850.29,164245829.26,78228713.61,,
603687,大胜达,4215635953.0,2019-07-26,248105039.48,6430491.71,574837097.79,102978665.43,937846221.0,116637942.8,1350979471.84,278831807.25,364838227.62,9746506.18,754800141.28,33122767.2,1165645977.61,47083465.82,1664395970.82,97545277.83,437361489.98,24416503.43,966465180.84,53092649.24,1468301210.02,75611806.43,,
688060,云涌科技,4167184005.0,2020-07-10,42273804.93,12444333.79,101922264.91,34727431.04,144817262.18,42092973.72,262948290.38,74182757.05,36632242.71,5722797.93,103121842.65,16527236.87,146617659.2,32734639.53,309179200.51,52499647.08,38604138.81,6068618.33,84755747.72,8597263.93,134903095.83,9359286.38,,
688345,博力威,4548000000.0,2021-06-11,219906163.76,27792923.5,539462807.76,51928521.38,935194680.12,87105481.44,1431068156.17,123384697.32,455061707.7,46786705.42,1021437436.48,85478038.27,1499014020.14,88945569.57,2216819092.84,125789557.35,545451712.64,25392527.35,1230938574.96,78639596.34,1719943553.29,121865694.14,,
603739,蔚蓝生物,3630112020.0,2019-01-16,196422352.85,21826805.47,431432596.38,43959132.74,692731084.7,73060721.43,960249354.36,108976210.9,266150358.89,29018358.94,549100871.26,61341005.39,832643423.75,94499159.16,1150823565.24,132573196.74,255961097.43,18083899.3,532595917.05,37405862.17,829413977.94,54212496.08,,
603163,圣晖集成,2793600000.0,2022-10-13,,,,,,,1096429757.49,81734694.29,,,886907109.88,49054220.06,1275354232.77,88115444.97,1702334398.59,123603770.26,,,673847802.97,63233518.67,1089809305.33,91900415.79,,
688799,华纳药厂,3406816000.0,2021-07-13,182806929.3,24258250.54,387013857.52,56881087.99,637354410.66,90785046.38,950628390.37,145029980.76,237148716.11,33477451.3,519480239.98,69166673.81,806313048.29,103261090.96,1146598969.33,160760741.0,291971291.35,34091332.01,592307259.85,83820303.64,926991858.53,124141751.84,,
688226,威腾电气,3237000000.0,2021-07-07,112005695.62,-4809623.44,328995821.41,9511113.33,625051623.06,28093382.57,948032712.66,47484629.78,265142144.08,14681958.61,557377416.16,30210530.33,919886354.2,44581948.01,1254053101.56,59780941.55,329050845.96,14849065.05,735997959.54,32392788.39,1122563094.01,50387051.47,,
688485,九州一轨,2771385623.0,2023-01-18,,,,,,,343329908.1,61485285.87,,,109828339.28,11337141.95,240065550.54,32230345.15,392343540.72,67696236.53,,,46010859.82,-18201311.68,225408720.02,21372646.93,,
603629,利通电子,3217760000.0,2018-12-24,283714417.51,4651305.9,661647671.42,20617329.47,1108382083.26,33161193.7,1647616189.74,46358842.82,389889267.42,6869997.76,809069810.79,25475178.37,1278488628.16,33019346.24,1804495655.47,57718261.85,383962371.18,16884653.81,855496503.04,31611938.4,1277625229.66,53332944.32,,
688509,正元地信,3996300000.0,2021-07-30,181279724.06,-40521833.02,579073012.03,-35856281.69,890481491.84,-53591221.86,1676032959.24,64204220.27,286788677.0,-18616107.56,695384567.38,-22361417.36,932089395.83,-36037541.27,1567453717.27,48832599.52,255480462.34,-11400486.62,578764407.07,-18037719.13,765068154.23,-46278621.49,,
605299,舒华体育,4987367880.0,2020-12-15,217142239.6,10301984.81,613201118.35,53830865.91,968779687.1,74330373.68,1484067052.29,136950630.69,321806481.24,12735337.02,727986279.47,57859005.37,1089381874.75,77958020.86,1562011884.37,115792790.69,277592621.57,13282711.1,619838963.97,46841914.4,929751334.54,63480164.01,1351605627.93,109438911.16
688181,八亿时空,4297872774.0,2020-01-06,134046584.24,38832422.7,283667859.27,84489424.69,448244081.58,132966893.19,648683828.66,170473073.3,207668179.67,48334094.12,423456280.59,103289867.09,652236825.14,168787291.07,886783857.63,206707598.43,258489628.24,62695655.94,519626456.65,127672683.82,726073662.46,174485030.3,,
603950,长源东谷,4674429180.0,2020-05-26,268245115.46,44245204.28,753149171.09,154438507.26,1211454352.52,217305445.78,1677984515.7,314538627.08,508373463.98,102589501.53,964898188.41,194892768.15,1284528261.57,219248822.56,1581544769.16,249412339.19,343590475.73,54142532.03,556343891.16,78328287.87,814732938.45,90008434.47,,
603150,万朗磁塑,2485194300.0,2022-01-24,,,,,851185029.73,103277647.72,1215448094.56,132824939.09,318964578.33,31462186.34,696224293.45,71499511.77,1049711026.87,99660150.71,1477453242.37,139830503.32,358722641.52,35395509.02,787784078.9,73127796.76,1208760266.25,113669662.85,,
688096,京源环保,1463339025.0,2020-04-09,31495252.42,4054915.76,130354469.21,23430803.93,204996486.07,36367714.65,351790744.89,62166173.21,33965729.01,5844591.34,135116090.51,20839383.76,264062526.84,32894236.14,422112445.26,56326182.76,43109413.77,5339520.01,181526653.24,18139576.63,320432700.89,32510529.05,,
603390,通达电气,2581382463.0,2019-11-25,75286720.08,-7045377.21,266356969.63,14489340.43,380858483.17,23978769.55,641895029.92,43960874.63,93515572.21,1426056.86,224167915.29,9288513.74,333315468.3,10801022.09,540333094.55,-9438072.68,86641186.28,-11922805.21,170225488.61,-38955362.06,300226816.96,-53899599.18,,
688379,华光新材,1798912230.0,2020-08-19,135791611.38,7015306.8,344383391.91,21970946.58,579594193.09,40691012.98,860345498.1,64682069.06,271635297.91,16836164.99,595365212.29,34095464.09,904346724.33,40949058.14,1210951592.6,45205624.4,284144635.4,6573355.9,621438366.97,9940109.41,880280353.45,-13012334.87,,
605287,德才股份,2511000000.0,2021-07-06,,,1870027392.04,93738555.38,3202262809.64,128725342.89,4635044992.29,183324074.45,698041168.81,54476057.68,2238591595.86,123784497.28,3225545813.15,148929738.26,5039505623.28,139717087.06,639418486.29,42698995.42,2353591749.41,101256219.84,3378543694.55,138320794.94,,
605378,野马电池,3206827000.0,2021-04-12,163570576.94,16397099.0,438589060.5,39756995.87,816272460.93,89528262.77,1098778984.38,118265852.1,285732597.11,24442301.84,563106182.59,38600604.79,899145006.37,64811153.05,1186526229.26,75839985.35,246544623.49,2676727.04,497159473.27,36083050.26,810350024.9,73482466.85,,
688718,唯赛勃,3151904616.0,2021-07-28,51373453.06,2750987.75,139775294.93,17815844.38,218216547.24,29169388.0,313595097.19,46758480.63,94328782.6,16877832.16,191163274.95,31026719.38,275088004.24,41272531.91,379186008.35,50479049.29,70161169.01,-264962.75,139834325.75,6890103.47,233861405.02,22406668.76,,
688219,会通股份,4726028573.0,2020-11-18,644735874.48,-2361135.86,1873822529.82,92566736.41,2930434297.06,141593281.98,4123746990.91,182211189.72,1038900985.14,28027484.78,2210958600.19,39737597.09,3407474536.16,42687003.84,4900932921.19,54050553.77,1271992025.78,31161204.81,2446205217.01,31799368.93,3770117430.27,44158729.75,,
605298,必得科技,2045628000.0,2021-03-01,40530833.63,4390516.15,157047094.12,40017281.32,229497908.94,64090943.95,347499597.89,104497805.54,57813587.75,8665160.86,158843642.42,47014386.7,207476544.46,57607211.89,300702370.74,84526082.04,41335928.76,7589911.26,108029464.3,26694573.28,140334963.87,31524304.07,,
688358,祥生医疗,3989391026.0,2019-12-03,67058161.88,17387153.14,129916684.86,39176125.84,218731971.61,65820787.23,333092749.95,99636077.03,81574219.6,22788669.94,186736993.01,47182329.52,288630736.15,77775013.19,397811875.09,112472408.71,100367467.51,24852007.66,228340546.82,75735929.46,354165119.74,125599972.62,,
688178,万德斯,1729732158.0,2020-01-14,68026000.71,8568810.25,252321127.09,56823380.14,522876967.03,105855635.71,797607372.85,126392800.63,120158985.82,9663181.57,458398866.8,47194040.74,707731617.86,71727307.65,1047475551.97,72631442.12,138606185.3,2068887.08,365583825.08,30002976.26,595316742.16,51820380.84,,
603130,云中马,3542000000.0,2022-11-18,,,,,,,1129932958.21,106589169.09,,,744914706.58,55845859.61,1238083240.28,101319276.09,1710322254.53,120077189.29,,,962474190.19,62328112.25,1443024495.49,84061535.09,,
688395,正弦电气,1822340000.0,2021-04-29,49059455.57,6356389.86,186582755.58,33842715.06,296775708.74,52377866.27,402925066.41,70359468.8,95127924.33,14799639.36,236975292.07,40581907.18,360954554.26,59388299.41,445450482.11,73186927.01,91233730.2,14289410.79,188394557.77,29614740.73,267517254.82,42375338.11,,
603073,彩蝶实业,2495160000.0,2023-03-16,,,,,,,624372597.44,93475939.68,,,379817851.68,60124894.72,,,830260147.65,130992878.23,,,368957000.13,56522561.17,,,735672324.45,109814655.83
605081,太和水,2053169415.0,2021-02-09,40324216.17,6496948.08,218090589.37,54520206.82,381039457.74,93465859.57,559929824.68,161597989.13,45783672.86,10450771.05,181088632.56,41793997.01,255165022.34,55024098.74,460285200.98,90944279.66,46038550.92,7723415.97,140296285.96,27775725.66,173147809.98,16042437.98,,
688310,迈得医疗,3293122807.0,2019-12-03,22468656.63,5312253.45,114333626.1,41597733.71,164290395.12,51975495.82,263168423.81,59071883.19,46873165.03,9476991.26,129005863.79,23718199.98,193295941.21,39276295.59,315525810.78,64479103.03,51996527.67,2404739.46,133222869.34,10572905.07,197458228.88,19287694.66,,
605259,绿田机械,3240160000.0,2021-06-15,216796211.04,18877153.31,547052327.59,59240272.99,856013474.29,94685286.94,1225133410.53,115999757.48,369558905.39,29176576.37,784581739.55,72222993.28,1149971760.41,113009409.3,1605450110.15,159169942.74,378897965.78,37301528.48,759395507.84,103910825.26,1105301307.5,153498240.3,,
688069,德林海,2431209192.0,2020-07-22,48071442.99,14018569.23,130858813.91,45283810.3,233443642.9,75325978.61,491387352.51,192776591.86,115236789.04,40117089.21,173877689.78,38305987.57,266927455.0,51197942.41,491462653.23,108800835.41,44559962.71,3083310.85,190750805.11,41070966.73,297287139.37,56400244.22,,
688098,申联生物,3350855040.0,2019-10-28,98447947.58,47128914.92,154617434.39,60751575.88,302156760.61,137427634.06,337732400.53,129514301.93,82854949.85,28383703.58,153028601.14,44421029.76,272415976.87,91891168.73,358429248.99,110201862.8,89049518.25,23928559.11,138262625.86,23284086.22,286584956.33,72364535.15,,
688080,映翰通,3176431417.0,2020-02-12,38395975.15,177637.15,135192653.43,22678975.39,209191655.42,33767908.12,310813765.0,40419266.74,53156984.89,2460052.42,197949925.34,33687416.98,338007194.12,91910356.25,449539752.31,104948778.41,61302233.29,1965260.99,198960078.1,38151094.29,285430198.13,50512204.03,,
688557,兰剑智能,2608126300.0,2020-12-02,20497805.86,158792.08,145405923.51,30152434.91,325712118.68,70901697.46,451802458.71,83747341.49,52788299.1,9480376.8,185925092.65,16658031.42,254657253.85,6050773.48,603889939.33,80502415.8,117786787.91,-3575997.14,429797444.23,31235797.38,611044830.21,43854038.78,,
688189,南新制药,3063480000.0,2020-03-26,325616521.18,26378655.96,580561386.78,49516324.87,849142132.03,71072947.72,1088117032.05,132978203.29,250724188.68,24678193.46,431197318.05,42090008.35,565410643.65,49151010.39,684683934.72,-166886968.91,196784525.34,11813068.13,400399661.5,17811764.66,547468507.21,14513928.39,,
603211,晋拓股份,4340773760.0,2022-07-25,,,,,,,703337246.11,82944337.34,175463543.7,15100985.11,416421859.56,34857279.54,620932528.7,53880302.16,916289056.62,82304458.4,210441330.22,18178406.62,445558819.06,35960955.02,719399399.85,52514415.68,,
603948,建业股份,3707309300.0,2020-03-02,332096285.99,28031145.93,770003557.82,67560261.97,1219270577.37,95057442.14,1728692734.36,125686156.59,621845523.77,56274352.93,1301175606.75,108270870.34,2012903046.5,155454667.26,2799499506.04,290022352.04,757274833.09,135304257.69,1463625455.55,245728904.52,2120404138.57,324340505.98,,
603201,常润股份,2603406689.0,2022-07-29,,,,,,,2473526902.02,122810143.61,690889368.42,25087575.75,1434723090.48,52355583.12,2300611418.26,98046891.37,3055736581.61,142153467.4,736348007.39,29121355.91,1466919774.85,70790571.33,2120427637.8,128342516.63,,
688616,西力科技,1968000000.0,2021-03-18,33182951.67,4639248.7,197838646.85,34672165.81,302765855.76,54549869.1,452934276.38,73721139.68,72760173.79,13236580.46,184352144.49,34807028.67,268698658.97,44439957.84,410776160.89,70283471.28,69737457.85,5300138.97,204709195.69,25707457.51,388579961.16,44861816.71,,
688681,科汇股份,1727055000.0,2021-06-16,22668836.5,-12213268.71,127719125.98,19153922.23,198722278.38,25752403.21,332828175.94,55323419.2,46696275.44,-9079148.79,150334335.17,16645086.07,251191687.25,32130407.85,369319785.11,54617572.85,44304368.54,-13583407.77,132120522.48,-9712498.79,220318529.08,-2637155.06,,
603700,宁水集团,2908393020.0,2019-01-22,236391190.9,33114032.41,656121910.98,117296874.53,1062399434.5,182771888.44,1590152353.41,273091001.84,282532300.59,42211074.62,740050733.58,117637398.52,1175996552.87,164504366.05,1717290642.31,235370594.62,244440880.76,5966081.81,669709816.08,41022188.76,1047932145.63,64515151.49,,
605488,福莱新材,2566619451.0,2021-05-13,182252450.18,9544508.89,507432194.92,34217568.39,842651288.42,60633439.58,1269090366.71,120360191.23,357935195.29,42570208.09,793927217.42,74101127.71,1256180168.76,109014569.76,1715319467.18,127487751.91,487868485.69,19734043.8,961706776.11,36022169.22,1476637846.74,59637096.69,,
603863,松炀资源,3020634000.0,2019-06-21,90083470.86,11038383.67,205420375.92,30930062.36,341174164.7,50823318.35,498946845.24,76613432.88,119966429.4,14977938.64,264884076.39,19385308.55,398338516.96,14212626.03,597070285.66,8873774.26,222960117.8,2095118.3,487924603.47,-54722192.46,711380014.07,-124288792.4,,
605001,威奥股份,2907356400.0,2020-05-22,255809431.01,10401878.77,532742751.77,44027419.08,709664776.5,27515502.3,1162823222.23,165351138.11,99635902.28,-67090857.61,217921594.1,-100948416.42,388008186.2,-119509915.16,614940035.1,-206428786.31,75833115.62,-54232764.78,260036428.01,-92988918.6,399458034.27,-110346408.58,,
605098,行动教育,4203598160.0,2021-04-21,36970422.15,-8782003.37,135850014.8,39640342.41,226128054.96,57821241.8,378677367.77,106719208.55,75049448.91,4326415.88,241929674.79,76663386.25,356298935.87,109114573.0,555211163.06,170808066.7,98137333.08,7967956.47,201415420.47,49307040.04,340636654.99,94108094.02,,
688296,和达科技,2973716600.0,2021-07-27,13357104.06,-11976644.28,99174734.15,10790981.92,194273754.98,21741990.41,363362110.12,75687972.25,42574590.07,-5791366.06,171217869.65,21665588.91,278752882.51,46299448.75,507284444.23,100218219.73,65897627.0,-2212916.93,194700549.87,26950774.9,333766605.22,47066797.68,,
688272,富吉瑞,1530640000.0,2021-10-18,,,121310512.84,28921902.84,215908101.42,42082794.7,327322729.37,85880889.17,59033439.5,6698588.23,154231816.8,31103568.15,223610136.45,47473424.99,317927242.89,76443601.71,14898298.41,-16701589.96,27845427.09,-43244717.68,48059634.49,-64098321.06,,
605167,利柏特,3839548500.0,2021-07-26,207216015.83,13183374.06,584511040.19,30534261.03,945228269.05,56848775.05,1505441045.08,104195357.86,294456151.41,12039886.14,833220907.46,33263488.55,1408039859.5,67787817.86,1983072362.25,109453877.77,256071578.98,12706150.93,593167499.55,34863018.78,1015318066.67,68025548.58,,
603048,浙江黎明,2657059200.0,2021-11-16,,,238821449.73,46921331.84,383481784.93,87437668.26,552481423.95,120284668.6,157966080.84,36054742.44,325928470.98,67837099.22,458639400.81,87979119.12,595588479.54,99081253.86,135856108.11,13152846.81,238614313.04,16037369.26,379176141.68,20090087.77,,
605088,冠盛股份,3155078850.0,2020-08-17,283109730.99,24771222.18,872300934.82,68662945.19,1324847401.53,87937209.42,1841169152.96,92243717.74,516463799.69,20467794.37,1154472619.56,64483152.07,1818892739.09,101138633.12,2487144131.16,117249535.45,606591218.87,23917692.74,1377540851.87,103506758.69,2172545600.51,176328423.79,,
603112,华翔股份,4856922604.0,2020-09-17,416279528.81,44291577.85,877942820.89,90779915.49,1372923952.4,147090918.85,1948873386.44,244998939.33,591465674.17,72703845.01,1483248572.41,158676743.16,2455513594.79,261975239.76,3282337588.29,328015825.55,885596595.24,100245575.89,1746121935.41,180017897.59,2497549667.68,250019522.52,,
688011,新光光电,2807000000.0,2019-07-22,14643997.73,-1737337.48,33919629.19,-4507775.94,56942467.4,10027208.68,124086224.92,24192878.99,29268191.13,9471956.8,75862603.92,12576239.32,87771254.64,3229108.54,143800738.1,1825544.46,13813068.9,-8864115.57,58369244.09,5720158.92,102981209.44,4471528.0,,
605289,罗曼股份,3097369125.0,2021-04-26,30263050.22,6487021.11,161163979.9,31282941.7,275718451.25,54728980.87,600653195.43,107929889.94,41638391.56,6759353.9,252711024.6,45848463.52,423130270.92,73698652.67,735735699.41,117247922.41,27245226.58,2514396.16,88863015.17,19170918.12,119054856.72,8229575.95,,
688184,帕瓦股份,4935712314.0,2022-09-19,,,,,,,579013629.88,40983798.41,,,351734828.49,41149967.3,571182954.09,57975735.1,857903830.45,83415312.21,,,876866473.71,69456561.67,1311547181.16,103878783.73,,
688367,工大高科,1622703553.0,2021-06-28,5411913.46,-317202.41,68520561.66,13427754.14,102163903.87,17812992.19,210933898.0,48534820.52,9041109.19,-165371.45,80181179.87,16749055.54,110099106.14,23398079.29,250470935.42,57255262.53,14167360.01,102485.84,94839005.97,15397565.3,136676257.38,23977541.33,,
688004,博汇科技,1959600000.0,2020-06-12,18217124.36,-2141284.1,102224115.76,14766818.82,145035794.8,16074539.15,287865320.18,46425502.31,23928879.25,-5024428.08,113159539.0,15411727.35,164507411.31,16518222.5,287145117.73,49166196.34,30956246.85,-6047925.03,40717350.09,-27243354.65,87770170.54,-31282908.86,,
688129,东来技术,1800000000.0,2020-10-23,64839453.83,9702110.0,170443622.5,31101215.27,280852730.07,54809263.34,407989125.33,78353311.24,95495368.63,18733747.82,209790428.77,43519412.26,327453709.68,64104321.31,493698387.69,93926191.24,76476430.92,11027121.07,161927319.51,19210866.5,267842325.63,21409777.24,,
605196,华通线缆,3846044577.0,2021-05-11,684265017.37,23060622.26,1605239153.88,84819828.61,2492197370.47,104944991.93,3375767887.23,154301160.93,708637247.62,16605566.28,1879969531.56,43630482.41,3240338266.6,63567308.45,4397074711.88,117767813.1,952418582.42,22835543.76,2261539072.23,70004946.44,3798954814.56,168578250.8,,
603221,爱丽家居,1958400000.0,2020-03-23,234056472.24,20064732.35,527828311.98,44102217.32,778203986.87,61865474.75,1077561156.89,79300471.72,271508448.49,9434923.67,490040754.05,7803063.03,788376302.16,4026715.17,1078468809.38,5879805.61,234559733.54,-10628346.61,457908378.22,-11337694.07,626386130.89,-28200171.52,,
605228,神通科技,3730446400.0,2021-01-20,230206548.43,17213675.58,578630304.55,45797175.83,994989482.5,83940260.86,1486336159.28,117863853.0,341024197.21,29378276.62,661688061.15,51394770.7,982915595.12,68747523.22,1378690663.67,95831629.01,325428255.99,17792869.96,592171663.79,18428385.87,993857620.01,36987466.93,1428836825.77,45049806.22
603151,邦基科技,3183600000.0,2022-10-19,,,,,,,1723841130.94,111959466.02,,,1039117451.33,67488127.38,1601609720.24,97939733.78,2034916182.62,145822978.5,,,755557308.36,57186861.07,1197445737.67,86704843.92,,
605069,正和生态,2142381513.0,2021-08-16,,,282340596.87,11411234.96,634563666.03,67604855.6,1061939615.37,110779971.92,85608392.11,-28143290.59,481535969.64,48617950.22,845591641.26,92742586.62,1134388959.4,107710437.09,87724371.32,-24526084.18,223373016.94,-43380949.2,333972575.12,-35634507.91,,
603967,中创物流,3560267112.0,2019-04-29,1124428214.23,35855766.25,2264003177.44,87940568.96,3519966005.16,136013195.55,5153894160.89,176270450.15,1983088010.44,48808208.66,4754124978.12,102537597.61,8524413189.2,163269232.48,12413834170.94,207893567.6,3089891529.41,54822436.59,6615574847.12,123324114.96,9765367159.07,193961555.36,,
688698,伟创电气,4192200000.0,2020-12-29,76814695.96,9894621.54,262191956.26,50617294.1,419294553.5,73964805.99,572230257.9,87555462.28,168811287.38,21240625.53,414445323.76,66137694.2,615911161.47,100614209.72,818874970.5,126744948.12,198848635.78,29947884.75,440400713.34,78809504.07,665601475.52,114640821.08,,
603657,春光科技,2299309545.0,2018-07-30,105838097.38,15255285.67,301221107.5,48783384.64,557459522.91,93880231.4,854002047.66,142445444.16,250416948.03,32122370.91,560555466.28,65408407.33,861836444.84,89628983.57,1294565058.35,110433674.17,287812812.07,14916908.26,694255853.82,53128952.19,1231598270.43,79190039.17,,
605336,帅丰电器,3228818843.0,2020-10-19,58794269.83,15040609.11,261476730.64,75783411.16,468858239.16,124807918.87,713990084.02,194259787.65,155252191.89,34154487.51,418754310.75,124431865.38,686594377.65,183992436.49,977641254.43,246605779.65,191481981.65,37676952.33,458682366.35,103710971.94,709178402.34,151897512.15,,
688168,安博通,3465635350.0,2019-09-06,23602409.32,-1813621.44,65831581.32,1537287.56,129950212.96,8251473.12,262835660.84,44473425.09,43951181.37,3815753.0,116106922.11,8594718.07,199169958.89,33106736.59,391422906.7,72193715.73,52764405.45,-22517765.67,144037733.29,-32678384.17,249700879.41,-31754439.5,,
603059,倍加洁,2438000000.0,2018-03-02,125972108.9,14009911.84,358858041.67,49093245.28,590694543.48,71935380.77,827733643.72,76884746.92,278849110.05,24742071.43,556461304.29,44822458.23,726563240.43,40444625.47,1038587042.22,74782577.41,212518082.38,-37727.92,472727428.52,18637575.43,755863748.47,43082700.44,,
688237,超卓航科,4391458223.0,2022-07-01,,,,,,,122492305.0,64206445.71,26074610.47,15391900.19,60983514.52,34016195.28,93179639.65,48158127.82,141305811.33,70731115.18,42728647.65,25771076.91,73947440.09,36384900.18,107052548.94,48600276.32,,
688480,赛恩斯,3094194144.0,2022-11-25,,,,,,,356373260.53,45986820.17,,,162658923.19,24939936.55,218240554.15,31923504.07,384632376.45,44629195.06,,,209629155.11,33477939.48,330548382.77,49538986.85,,
688656,浩欧博,2413872796.0,2021-01-13,20366266.71,-5333030.55,78852528.51,19076019.92,143911515.75,38691673.97,221856888.74,56617570.41,60990393.72,13336533.53,147542325.12,45081283.25,235876946.48,74756574.85,317707531.85,86192663.31,76087325.95,13562324.81,151277035.24,24360378.84,254601087.79,44471980.35,,
688551,科威尔,4738692422.0,2020-09-10,13989226.92,-1220.76,64968761.06,23027319.68,116448725.92,35358144.41,162480888.3,54034345.35,36926343.75,12741780.02,101598651.68,30313921.36,171912787.39,49183325.75,247522361.42,56916124.41,59369926.55,7467786.48,153228874.29,15257488.25,253364096.85,45256627.91,,
688501,青达环保,2158476000.0,2021-07-16,15077877.8,-3585142.44,138052786.21,-3370995.48,257949554.38,2246850.12,557564592.41,47747165.3,20430915.1,-5419068.31,172913892.49,3742453.75,282922986.78,11965690.66,627919290.9,55885667.04,27504184.62,-5854928.13,213847414.71,6377447.58,345510901.88,12661638.9,,
688420,美腾科技,3806911500.0,2022-12-09,,,,,,,321475573.66,91746855.46,,,,,228179384.47,52802093.22,383535051.5,85944751.68,,,180303595.39,54575028.36,313306706.29,82811284.13,,
605268,王力安防,4389511500.0,2021-02-24,155649590.92,9235977.72,677321472.58,59511786.25,1388165231.2,146690623.59,2113912415.29,239735321.65,335602964.34,30105877.54,1020932024.02,77443705.31,1806468320.66,148344374.98,2644905095.83,137521652.06,353731783.25,-6828849.79,994716202.1,-12595395.96,1588312682.54,11487497.68,,
605066,天正电气,3268150000.0,2020-08-07,342742617.17,28587141.06,1056492493.3,91860703.56,1783356158.81,180099589.64,2473233541.84,246828267.77,682428612.52,38384345.72,1664750902.37,145024582.02,2357902315.57,156774122.77,2921911560.93,108941777.1,510438165.02,12404085.15,1206712073.73,57337192.69,1854683908.4,94848876.45,,
688117,圣诺生物,2721600000.0,2021-06-03,71496450.07,10099932.21,175721410.36,31311121.98,270905465.33,41656637.29,378771804.33,59997753.1,93280186.12,11653981.88,193638351.49,24008980.8,279121290.27,43033916.95,386529715.95,61252756.43,80744800.39,14292867.6,167510229.44,18640527.67,260431862.58,39005827.02,,
688163,赛伦生物,2677362800.0,2022-03-11,,,75599413.99,22587087.34,159165520.93,65707921.24,185562793.03,63173802.3,22226517.14,3417615.16,95919704.92,39034553.64,167970821.17,72158230.66,208693627.46,76482795.73,24903036.81,3959971.69,78210546.6,30463090.64,149434599.86,62771140.81,,
603897,长城科技,4477589921.0,2018-04-10,921028553.86,39469275.56,2233710275.21,75167378.36,4140904916.26,125660692.94,6273415580.11,174219560.54,2151232509.35,78159933.73,5065253591.81,210214123.39,8011966421.47,294913841.24,10726728963.94,341104603.35,2381094967.28,48916430.89,5449408407.08,113905063.35,7470673143.53,94860266.95,,
688737,中自科技,3556685908.0,2021-10-22,,,1376607629.59,157419304.93,2040538906.96,210009267.22,2577294090.68,218351941.03,302047980.75,9682817.13,624814052.93,28713047.71,739609598.79,22486295.8,962240014.3,10409161.54,96166056.69,-10789471.89,194790167.0,-32862312.8,310585980.27,-52805307.84,,
688155,先惠技术,4194184639.0,2020-08-11,62776927.48,1144902.27,215501862.34,31033815.31,301659357.58,31070061.09,502352353.2,60735320.08,151070137.99,17236969.81,535983175.13,72097405.96,734981629.35,69699936.27,1101981198.35,70063544.23,291198964.04,20653070.93,423155640.4,-36805507.71,1127842943.33,-28008248.34,,
603709,中源家居,1368000000.0,2018-02-08,237654266.8,-1831394.47,498653968.35,21046674.75,809200416.27,35424119.48,1162418644.95,41718371.1,257092562.71,5826784.52,514951154.59,10543651.49,745163130.21,9467923.17,1021172197.31,-15330744.36,215502221.58,2402144.3,377762772.23,3624349.64,534838859.43,-4576177.88,,
688101,三达膜,4894680800.0,2019-11-15,133788301.28,58315652.32,332646018.53,106099091.77,528635459.19,168919996.86,876447101.03,221805911.11,159865970.07,63232711.71,403176428.46,133669081.1,697589749.03,209901204.39,1150709066.63,247121741.23,164304322.88,58181871.82,441813346.07,111721738.52,748931986.17,192154497.76,,
688590,新致软件,3320647557.0,2020-12-07,202932678.91,-1833019.61,480840735.02,18063289.23,704161119.06,33829892.06,1074280479.56,81610433.87,252725934.03,10993692.6,562304702.72,30358876.18,830667821.82,47337962.4,1282480403.5,141217998.98,253944852.2,3613170.24,566425931.86,9147148.56,844210364.0,17471689.68,,
688257,新锐股份,3626624000.0,2021-10-27,,,347369381.23,54730663.02,527968002.38,81077579.83,729760352.7,113861629.14,214117885.92,36192710.61,439895910.8,66564475.44,667292810.09,102095154.7,894409726.41,136244043.93,278277201.17,36911193.21,579456491.7,75071299.33,879353558.01,110006647.58,,
688335,复洁环保,2534191571.0,2020-08-17,34114789.42,2378439.01,151535781.48,27335711.34,252580215.61,40674398.94,375761413.32,66733198.96,81351013.25,15360778.33,122408815.04,18023289.77,177360814.26,34796225.74,313027971.7,64554057.66,108243123.21,18107591.1,262997079.76,31515450.2,490810821.91,70262618.81,,
605058,澳弘电子,3222935073.0,2020-10-21,166816747.09,24034530.34,394463613.46,60852209.11,653232494.18,85090022.9,882229516.5,124768899.06,256575232.16,39027905.67,519058171.82,77097072.9,816916658.23,118344260.89,1070718955.04,142720760.27,277152022.37,33375725.04,577535145.71,77393206.71,858965339.73,126590384.57,1126155317.1,133075305.1
688687,凯因科技,4522236846.0,2021-02-08,121916599.45,16382210.15,313637699.88,26010506.79,535247100.48,55150551.08,862053007.26,75565399.71,171604130.22,20964269.07,453130705.36,35458897.78,706514614.89,77818994.0,1144356833.98,107289593.92,171572290.44,24898632.42,492886396.79,37236855.77,836731606.49,68394595.45,,
603324,盛剑环境,4543818531.0,2021-04-07,146855609.28,6692813.18,377825625.94,49881120.25,471609831.83,50320246.94,937742067.28,121609489.82,176143140.04,11990299.76,445306330.09,51657843.6,791351916.82,88580889.48,1233029658.53,152351023.92,189407619.39,14125216.35,551676298.76,62583172.29,960841037.33,110203837.81,,
688013,天臣医疗,1905533488.0,2020-09-28,30544697.75,6007755.22,70142426.22,16291105.44,118834772.0,26072007.42,163344281.22,34948124.02,45832956.17,12939825.97,99163078.89,24864703.89,152873142.97,36349565.83,213737041.59,41419413.2,50634721.73,7268188.01,106136335.31,19123379.64,168269441.05,31792137.04,,
605169,洪通燃气,3171084800.0,2020-10-30,139493406.8,8106772.01,366604607.73,54518994.44,533248958.55,85532897.2,797315988.92,123706693.93,199091400.19,27725306.22,467237214.71,73387889.11,826725102.12,141776713.13,1204408538.64,200076131.64,329619753.46,53258789.45,769619090.21,113027104.21,1184474043.18,143988041.53,,
603095,越剑智能,3391080000.0,2020-04-15,178847200.8,33728918.3,357246429.91,63567264.55,497838359.33,86437740.44,738824383.42,123546563.15,312779036.97,51767511.27,727120967.94,109985328.82,1088920971.32,161360932.71,1550207862.97,323936180.39,334134779.73,49223890.38,765671897.07,121285923.81,1055744377.31,431419017.3,,
688028,沃尔德,3704932258.0,2019-07-22,46613814.74,10996867.22,106100463.27,26820976.33,170286927.93,41327025.55,241831705.19,49490793.88,69781519.75,16082088.73,150339833.73,30688675.8,232689208.99,49611842.82,325809094.85,54449991.68,68959966.06,7146606.07,158750957.85,21288660.17,270805861.83,33896722.66,,
688067,爱威科技,1459280000.0,2021-06-16,32643564.42,940428.0,73802737.62,7725981.87,119998932.92,23209238.84,180199388.49,30100264.86,47239146.76,6573200.38,97308452.67,12615548.51,152588122.62,27478763.55,210668650.51,31275040.94,46075955.93,5838880.44,93479843.87,11947262.93,150477680.38,23863197.98,,
688670,金迪克,4399120000.0,2021-08-02,41149029.13,4168755.39,87408320.39,-6808867.72,262359887.82,48419117.67,589098682.33,154979429.69,30044808.74,-5294732.69,32094226.23,-23305052.08,348862016.53,100075142.54,392272487.5,82460219.55,12468040.78,-2641751.1,16395430.84,-17258012.55,220360267.77,55615583.65,,
688577,浙海德曼,2664439903.0,2020-09-16,46100008.65,1306818.95,200847643.96,31023059.76,280805436.64,36074648.23,410550923.38,53234682.88,113530293.96,15410707.47,271079235.43,39327384.53,405439698.73,57217927.51,540808211.52,73006715.51,132621623.09,14828984.53,283390942.46,33265275.92,449095345.32,53931836.57,,
688171,纬德信息,2044070960.0,2022-01-27,16050747.15,6006652.62,,,76741063.61,40114415.16,135898857.78,63666916.8,18858502.88,7058734.43,51518858.13,21615378.81,82620270.41,36363202.69,177561051.53,55451990.76,17933708.17,9690543.83,45216628.86,18225067.6,79448176.46,24444400.31,,
605303,园林股份,1904213788.0,2021-03-01,207795208.47,7454126.03,686660481.66,44062197.46,975993188.74,74173672.27,1424936454.71,109742502.34,228805022.45,12812920.06,621568864.82,33129399.33,719856268.54,16417064.85,1223709406.09,61738090.13,113296917.83,-9178747.24,284194361.74,-72172144.16,373862454.31,-105411710.36,,
605028,世茂能源,2939200000.0,2021-07-12,58970451.87,15979801.1,135493046.47,41289813.07,207518370.32,63901381.42,299129603.03,121206145.8,88866887.56,36300898.46,183664647.62,83363148.98,276568759.01,127256484.87,394726530.25,175426406.24,94992557.13,45006553.9,200788120.02,95673968.53,296063241.26,144523271.94,442362623.25,206093694.39
605318,法狮龙,1867814858.0,2020-08-03,26371515.36,1255481.23,157909108.14,22661630.45,270645182.15,29690647.62,448148002.13,64193711.08,70407149.09,10147125.53,237706818.02,28351413.82,437176118.51,40377192.84,663115631.65,58772441.05,117522851.89,5436358.01,340479588.33,14714218.7,491096494.55,15926840.21,,
603122,合富中国,4191494225.0,2022-02-16,171990639.5,2149228.85,505409800.0,34652200.0,758351111.56,44108305.68,1089023522.28,72553855.68,257355702.0,14119885.02,599215210.77,35231850.6,899100448.02,53801751.88,1191060169.11,80230457.52,307984973.42,15142001.71,624352486.66,36512739.53,956356057.38,54254300.1,1279666218.81,82719667.82
688215,瑞晟智能,1367766400.0,2020-08-28,9782933.71,-6527800.64,64785472.21,17958569.09,100566698.55,19393785.7,133397697.67,15958387.69,26298686.76,2859192.99,83596015.64,12777964.55,112593976.68,8246476.53,199818307.24,13257044.98,46197644.21,1775220.91,126145841.83,7741023.39,197771571.71,8770489.51,,
605128,上海沿浦,3277600000.0,2020-09-15,106948992.75,10084710.07,308419558.31,29319783.61,505262563.82,51612392.36,791820274.34,81235233.05,200669294.21,20742507.0,384032070.83,38294538.39,558077573.27,48729586.62,826507388.3,70481085.46,235987924.59,11676740.95,457901528.6,27154667.24,744714520.67,35824902.27,,
605033,美邦股份,2484407790.0,2021-09-16,217820827.51,43198140.22,365409237.52,63763137.87,413400477.35,51296628.54,568518122.56,78734291.94,274579814.47,46576192.23,476180685.58,69440443.35,550436666.9,63729552.29,842490330.97,125742881.24,487555601.85,91752261.05,617645692.7,116975137.45,684022134.61,111774980.31,,
605155,西大门,1995840000.0,2020-12-31,68150789.81,15965310.27,149088617.9,34535699.97,246094967.13,56749109.14,354253485.62,77838684.81,91929640.98,18063011.33,208094620.53,45499233.12,335605561.89,72020652.49,465480013.0,89504627.15,113511565.84,19534536.9,227254927.08,40721756.66,366154966.46,65442437.88,,
603080,新疆火炬,2060240000.0,2018-01-03,178603021.92,14772324.27,314923930.8,29210717.19,413560103.47,31384775.04,677324133.2,74145237.26,252852384.65,33772493.6,443273754.07,59329336.09,609571046.18,79369093.2,899814190.46,102143320.35,262001913.83,36104534.27,456247671.19,75673338.6,616292725.04,91775669.71,,
688667,菱电电控,4497293752.0,2021-03-12,94860838.15,14886922.08,320558869.43,67052199.54,512828505.04,103309175.31,762412861.49,156845007.89,199893947.21,35316041.08,424417397.86,79078163.82,598224346.21,115613292.39,834680353.44,137552196.42,170947044.33,26103952.09,360663426.77,58517151.23,530276188.94,53609545.27,,
688455,科捷智能,2875501755.0,2022-09-15,,,,,,,880057468.94,61464241.78,,,261764254.85,-9229154.98,438223453.52,-9601660.81,1277404878.28,86493006.0,,,381538679.31,-11980639.52,680478523.6,-16420359.02,,
605566,福莱蒽特,3161491400.0,2021-10-25,,,477506243.43,95811218.82,750569869.74,136769954.49,997941838.74,192508243.89,300697639.21,54494718.73,575799164.79,103529070.96,860420572.56,141960713.36,1181161943.31,175464506.92,228940796.54,20337717.88,552011166.46,56449933.46,815148077.66,74573340.21,,
603109,神驰机电,3233917882.0,2019-12-31,257354874.36,20155345.97,616192714.48,50668450.63,1121995474.43,96605284.57,1561604672.29,105846206.54,479085398.72,45077070.14,1151862753.47,84437803.0,1830861971.36,147492488.17,2437586829.0,194006518.92,684858077.08,2365546.77,1396137015.93,82304458.56,1940450683.36,135283341.32,,
603353,和顺石油,3023991360.0,2020-04-07,293832757.08,18764691.99,761324362.58,65719493.3,1288532833.28,121128031.63,1843528796.4,170463081.59,580547868.02,33065830.97,1524746527.16,60052854.14,2746245130.94,82934222.45,3933208477.17,91458626.29,1193485155.32,20610011.71,2476776464.59,54275472.73,3624456690.46,90346302.14,,
688299,长阳科技,4904859912.0,2019-11-06,174367607.1,35188103.85,415990144.67,77038777.54,735983432.65,135163589.84,1045044542.99,176977360.24,278939854.48,43161551.12,598596662.41,91681882.06,952883719.46,146088438.36,1296688065.65,186786638.98,285035835.18,35351926.28,544520362.55,80512186.8,846684887.36,111378636.03,,
603045,福达合金,1994113800.0,2018-05-17,257670449.55,-10148088.39,811127203.71,4268292.29,1443483053.65,28490482.14,2304550442.98,44203819.04,608724880.16,7350926.7,1459208439.56,35511068.33,2202741584.8,41987465.2,2931123716.02,57092476.01,616490960.17,3839175.97,1151237435.37,18528916.54,1651059862.94,10157892.41,,
603759,海天股份,4419043200.0,2021-03-26,141655364.5,8501434.4,388498134.47,53250454.2,619411310.22,106960359.2,850316022.2,174783596.68,207194797.68,34322688.85,454526167.43,76972685.33,723936831.99,127174214.8,1083508533.84,213752698.92,254920905.81,41521519.51,554817795.73,99788300.42,836041907.6,160902716.83,,
603176,汇通集团,3299286200.0,2021-12-31,,,765915215.73,53188252.77,,,2397983720.81,96331916.58,213330018.58,-18292254.46,1117845178.19,54939114.56,1687013288.37,73010321.03,2368160682.09,83761664.82,209597627.91,-35623779.7,1206270179.11,40287493.69,1857952602.22,55286292.95,,
688488,艾迪药业,4477200000.0,2020-07-20,44659934.26,2947996.75,128719265.25,24492586.55,189911940.87,29590563.27,289056180.56,39771789.32,77941021.56,11328646.54,157003754.96,12861047.88,209607873.47,6640689.77,255709508.81,-29985621.49,35101031.38,-22302749.04,73778775.01,-68191600.2,134080192.28,-76991747.26,,
688307,中润光学,3423200000.0,2023-02-16,,,,,,,334333496.27,26648077.98,,,,,256145364.89,11386290.08,396497302.02,35950433.22,,,187770935.31,18901007.06,273305714.64,24282820.13,,
603161,科华控股,2083708000.0,2018-01-05,355713068.86,17514227.54,673510757.64,300825.71,1127084317.5,-16560846.65,1622153523.64,20862718.0,505659916.91,30015570.24,956505506.43,32597067.64,1445911163.02,37531454.05,1896887672.44,-46756298.66,546062582.48,-16600026.19,955263273.93,-52457547.78,1543738652.86,-46653349.54,,
688398,赛特新材,3372000000.0,2020-02-11,88765033.81,26461429.92,205366622.37,52320925.41,366435723.22,76275500.46,516196825.03,93351630.52,163845753.59,32080662.33,342532293.55,63612194.4,537493413.68,98869972.72,711291543.48,113570902.91,150417944.86,10817410.26,305426017.86,22233206.34,459569251.86,40559934.97,,
688115,思林杰,2662799800.0,2022-03-14,,,,,151577112.29,48974947.03,188701597.6,62834301.55,31882859.11,-1463465.44,116973624.68,37709314.64,154040707.31,45386923.9,222245139.46,66039432.18,54923916.83,15848238.93,169215796.8,52087373.99,203952091.33,55338181.59,,
603332,苏州龙杰,1893255084.0,2019-01-17,120430599.87,274534.79,313816519.79,6798921.34,561927991.2,8089669.31,879503495.1,35805282.4,172551585.78,12188714.43,430526255.31,14709370.81,759740463.8,32188066.85,1072150905.23,36940988.46,199147293.86,-13430782.71,463168943.75,-23888154.45,804916421.42,-42110461.46,,
605080,浙江自然,4785168752.0,2021-05-06,145158823.98,38613504.95,342241741.73,94924599.49,452978755.64,127713362.26,581336299.27,159543779.24,225179055.11,61660690.96,495291368.79,137380583.67,664962570.11,183071929.51,842441991.88,219512536.97,330142622.23,84979883.09,635792628.7,174320569.21,803440999.13,199250568.15,,
688089,嘉必优,4984800000.0,2019-12-19,55722443.4,25357856.82,150959661.32,71209571.15,236256283.53,110107131.47,323460668.81,130585376.79,78829125.16,33755464.12,163108902.46,67566742.6,249908128.65,100948441.38,351109348.43,128578881.86,75542426.37,23224988.14,171148120.98,50023996.9,273244476.3,77865756.9,,
603115,海星股份,4322344000.0,2019-08-09,231320777.32,25007218.03,539257515.68,55407430.26,872315495.36,90869885.92,1218716702.66,125768458.08,346928296.2,30265574.47,776726280.71,86688380.14,1213892116.92,158967856.06,1645338158.45,221187704.58,471473186.39,63827729.92,942909692.82,132226140.21,1317803996.84,187064000.51,,
688360,德马科技,2475196945.0,2020-06-02,90607653.49,-1777491.26,311871906.58,14545554.09,458613513.99,27853533.52,766951846.81,66438784.39,197992942.62,293290.63,586926687.84,38850521.98,1032573080.96,59299474.01,1482689871.86,76836332.68,311636131.57,16776944.48,641836241.66,46708391.03,970006003.5,69297942.28,,
688057,金达莱,4451880000.0,2020-11-11,150548673.54,68020759.54,511795058.02,203038184.49,775602189.3,307446518.7,970880809.91,386687739.74,203454516.43,92449717.51,515930604.17,207937477.46,728533594.0,300643085.11,912603794.95,383041928.68,209422125.92,95925617.4,367391588.4,136056439.05,480440954.68,173525550.41,,
603272,联翔股份,1890156480.0,2022-05-20,,,,,,,254289731.96,63759549.52,51550723.63,7804029.33,125594542.06,22406881.52,191699198.44,37963165.42,279360578.45,67046709.17,52219013.46,9934274.54,99311212.44,17727838.08,141527791.69,20453341.72,,
688038,中科通达,1909687494.0,2021-07-13,22338086.31,2626667.36,140713365.07,9740373.59,247261753.44,25024866.72,495970357.57,55395374.09,62543237.82,5183500.39,181953288.26,11325082.98,229511343.61,12365039.57,427905657.64,36626410.37,27448165.74,-6922438.57,140461018.58,7539585.9,215333813.61,4176937.2,,
688135,利扬芯片,4639020256.0,2020-11-11,51538469.71,6446589.25,124393146.3,26943001.01,175934968.7,30586753.72,252825408.92,51947231.14,69880803.81,14646513.01,159507396.83,39632483.79,271283050.85,77494508.14,391198103.07,105841853.17,110041697.31,10428556.17,226232880.86,13599237.1,336862194.46,25661504.11,,
688788,科思科技,4852772278.0,2020-10-22,2775897.61,-22597055.55,294988561.01,102732647.23,342367709.42,45477057.47,654927636.68,177060767.46,111739152.91,31155914.17,452940932.12,182665423.23,568190669.04,205542105.03,610298097.81,175828593.52,26928321.74,-26124541.53,116951239.39,-54847801.22,178891798.44,-70371296.17,,
688265,南模生物,3724317016.0,2021-12-28,,,77426797.83,12039686.65,127161696.18,23817646.1,196190409.85,44555912.17,54305590.46,11834124.97,121804164.5,26604883.26,189733484.77,38727634.07,275268955.6,60860905.51,72706319.65,13921971.48,130004584.97,4884254.73,215445346.9,7785795.08,,
688221,前沿生物-U,4981896085.0,2020-10-28,953882.6,-47240884.7,6847374.25,-101935663.07,23224479.4,-163664824.09,46622752.99,-230730884.52,5765128.93,-44818902.16,22811363.96,-93445554.14,34645314.42,-177374555.26,40502898.19,-260055946.8,5670338.94,-59241597.75,26166105.16,-123258672.53,57658276.97,-226508768.06,,
688459,哈铁科技,4656000000.0,2022-10-12,,,,,,,801472056.48,108350872.49,,,171326001.72,-18705638.83,297985360.19,-27115764.76,871755411.44,107507093.23,,,184898812.61,-2986050.59,338422371.11,4894550.63,,
605588,冠石科技,2475882131.0,2021-08-12,196017476.22,19067513.39,477052322.93,38594147.91,757123977.66,62036534.15,1105470090.29,90750670.74,371602479.62,22946612.61,763714265.83,49888108.75,1081463327.67,67192528.1,1396691902.44,98656105.08,388282546.72,22197280.0,725420958.49,41201532.86,1011537907.38,66069203.03,,
688571,杭华股份,2592000000.0,2020-12-11,182202743.14,10138860.91,416105216.17,37068701.38,689582183.96,69661799.96,987054125.21,109265288.59,254916014.24,22728810.02,534535503.37,52588311.37,834868956.92,82137881.14,1148662209.11,112913578.2,279408731.47,9585288.33,548458002.03,25880721.75,846468955.5,47691474.06,,
688056,莱伯泰科,3082116576.0,2020-09-02,44784336.77,-319629.05,138766338.39,19566995.72,225128398.73,36269703.32,348604853.01,65211001.34,79544767.79,14534856.33,182153328.85,34091632.13,268790694.92,53322446.36,368857921.36,69413079.51,77480452.51,11915323.71,155516645.45,22097910.67,249029652.65,34522516.63,,
603755,日辰股份,3988923396.0,2019-08-28,45962450.97,14741409.74,107156124.38,35910007.52,184200582.0,59498093.86,263276257.14,81250497.71,69646214.79,14690003.43,145464839.23,33992049.96,240252357.27,56599445.58,338504574.0,81287892.75,74597783.3,13586336.52,144939021.79,25540224.99,233194219.51,41481421.81,,
688229,博睿数据,2839824000.0,2020-08-17,28663513.47,3534304.41,73184471.9,19747338.81,95015712.66,10260197.5,138840443.95,31139082.31,30557807.05,-15798068.43,62514344.05,-48273209.55,92968314.27,-76703373.95,133107816.58,-72957543.23,32162270.02,-23190246.34,62550362.54,-48817578.44,94947610.53,-50598397.14,,
605500,森林包装,3134640000.0,2020-12-22,275586715.74,15882673.07,842328425.85,56545399.25,1482457867.3,118441699.31,2188568059.17,220345029.56,553600588.18,55678181.39,1341035036.58,136640040.87,2111076393.18,190947080.06,2955965672.05,282277012.47,618554684.79,34974928.48,1380543179.3,73379531.48,2033510126.73,112764844.35,,
605003,众望布艺,2164800000.0,2020-09-08,103707632.52,28068665.02,193998728.64,56647983.96,345139454.87,96025530.02,495420535.33,140483096.97,141483089.38,42105653.85,276697930.93,76265525.7,414597770.24,109060614.67,587006533.9,147185744.74,152280364.06,38294907.18,248219480.75,71952433.46,317078749.85,80217891.21,,
603982,泉峰汽车,4849324814.0,2019-05-22,245547836.06,12268311.79,512677997.46,21388440.33,909867738.04,62722698.38,1385756806.49,120948803.17,423014832.01,47246155.75,805548787.94,78364441.56,1188816927.04,110769102.07,1614885555.25,121872353.77,407293544.85,17697198.4,742231704.66,-20971115.19,1219934216.76,-56087631.88,,
688314,康拓医疗,3097533572.0,2021-05-18,25377806.73,6960720.72,69508601.75,23430603.89,113069140.66,41485401.32,164075553.99,52381425.22,41107889.06,13951427.47,95765463.55,34728250.67,151054585.32,61904233.22,212547734.92,81626465.03,53501448.21,18031944.39,115394434.94,39142549.54,178480246.74,64898714.91,239948744.59,75698150.91
605208,永茂泰,3692790000.0,2021-03-08,412141282.88,9118988.04,1092704712.2,69038554.62,1859690971.21,129599153.32,2696218121.87,173221974.38,729159415.44,67038008.71,1443628102.51,121839609.58,2238118187.72,164027184.99,3289673661.11,227324418.01,918184033.98,84463445.1,1665226109.21,50046025.79,2670546129.25,62474285.93,,
688529,豪森股份,3054080000.0,2020-11-09,254000184.79,18174243.89,518953271.4,38086358.89,832370174.67,68251894.93,1036543748.6,82172963.91,185697279.61,-1305754.35,551701961.87,20884031.96,826487506.33,43597642.25,1193362599.23,70166835.44,389836062.22,27181520.03,789378957.76,57664953.97,1150059749.21,81875549.1,,
688659,元琛科技,2196800000.0,2021-03-31,31660214.7,-2924428.19,179237620.91,7328988.1,274875285.54,22246597.87,458392572.19,62050282.06,78576662.59,8437778.84,227464014.97,28860239.34,345254358.3,42003658.91,501997044.0,70447191.66,113359326.35,4835032.14,270726311.37,18179586.71,392925961.68,15886336.43,,
603216,梦天家居,3290081600.0,2021-12-15,,,372955903.94,17963296.82,724446119.56,65269854.88,1226754525.87,170966089.28,219173427.46,17688216.14,538376762.33,53699336.47,961863083.61,105547173.43,1519894600.57,182995282.13,223117645.38,21023612.53,551608446.45,70441275.25,940060460.27,129329489.19,,
603506,南都物业,2356611126.0,2018-02-01,332696760.93,30342982.03,659972206.19,67996626.74,1017260652.07,105053837.5,1413474554.67,137872207.71,374399097.29,32958637.41,764159864.42,84687289.5,1170253942.45,135041123.75,1592917103.97,162770875.12,414670311.37,37625918.04,896817165.08,90385810.57,1377572947.8,142654756.37,,
688370,丛麟科技,4001704000.0,2022-08-25,,,,,,,669495477.3,231461447.36,,,306361414.32,91312367.9,481883135.64,136012710.1,666683567.79,189277582.53,,,328799279.6,78919136.01,531246823.53,131471045.3,,
605258,协和电子,2323200000.0,2020-12-03,99741788.91,14670778.77,273259808.4,45431903.12,428441994.37,62399972.86,615831696.58,91640835.41,168406104.5,17337057.36,362364551.97,45688660.33,512005060.51,61169372.84,734067052.23,78122104.62,158577061.52,9415014.85,329757470.46,13922507.68,514864184.91,34325178.52,,
605158,华达新材,3559483200.0,2020-08-05,1125673306.62,20794322.43,2730698886.96,100340338.14,4397246812.66,202513595.1,6100999980.93,275212693.01,1617958531.4,48065045.33,3996810998.64,158402044.86,6326544935.21,196060516.69,8506026617.11,147889380.3,2021835787.37,29449438.41,4644128959.48,165300027.49,6336299545.09,183332135.88,,
603356,华菱精工,1854759400.0,2018-01-24,204459143.15,3208390.92,741923922.91,37249422.27,1389538796.08,70530592.57,1911945763.67,73655218.07,351036784.16,-10959281.49,995654318.76,-8887585.6,1629458404.73,-7544159.43,2233924599.45,2028708.07,265607616.78,-5364073.48,692708090.94,-8285597.08,1307830744.93,4774997.95,,
688312,燕麦科技,2678249431.0,2020-06-08,39075665.33,15068750.55,98965456.12,32617700.17,179812071.72,53769518.9,350363861.94,102281552.96,69454011.34,24984433.45,161575938.13,45584936.32,271621340.43,79999479.81,427554397.42,122390517.8,64960768.86,9859553.17,128126405.61,26585717.54,238574372.6,65840907.06,,
605100,华丰股份,2469111960.0,2020-08-11,320308176.96,45747200.52,740794577.32,93106225.65,1166477635.58,136962218.71,1591818233.64,190561273.83,477222244.16,58289988.77,908351539.61,108454807.98,1120979878.0,129670394.46,1354287631.56,163834912.53,240663974.69,22441971.3,398341170.04,24531639.88,539066506.92,22883048.02,,
688130,晶华微,3181568000.0,2022-07-29,,,,,,,197403076.92,100095736.07,46647825.45,21537494.37,101416146.02,48916471.31,133969504.28,62915181.87,173411213.21,77351537.44,53775932.1,23933649.32,95059800.28,39960618.26,114405186.38,41675153.77,,
688633,星球石墨,3601040366.0,2021-03-24,81103028.83,22408432.19,220938434.13,49941247.14,330542100.31,71349671.12,559568407.11,151594822.19,124825039.21,29372477.86,245251216.75,53821453.18,373797721.59,86473143.98,514516750.25,121851130.4,125130821.56,38199498.06,279242346.59,72896022.1,448538503.02,107351091.71,,
603810,丰山集团,2597060448.0,2018-09-17,450623121.84,84120583.2,877548279.67,160956296.72,1100125601.15,180433891.27,1494085529.04,235683496.73,454318728.7,50375579.42,849812969.21,82861185.19,1157419075.65,89780425.21,1518111081.32,114725344.99,441406976.76,30534902.58,1017464989.35,74254972.12,1383610134.73,92096321.03,,
688282,理工导航,4306720000.0,2022-03-18,,,143844456.54,34548420.59,,,305943217.8,71254790.95,48318584.3,6387056.52,146625585.54,31812184.0,247425585.54,55325015.21,318224149.56,73072776.73,69089734.59,14226229.42,136425398.31,35361842.4,192060796.53,56419122.29,,
603261,立航科技,2933312743.0,2022-03-15,,,,,,,293031489.79,69329803.17,12140020.46,-4366803.29,87244131.94,12916051.98,126515815.12,18558929.9,305100698.16,69818620.85,33602448.83,2450944.75,96033067.89,9480928.27,134648934.68,12521338.4,,
688419,耐科装备,3205380000.0,2022-11-07,,,,,,,168626108.49,41151785.09,,,102496223.64,18390100.6,139925221.5,22401659.69,248557633.09,53128497.45,,,143496902.82,27185960.9,214170488.0,43726618.18,268907272.06,57209568.17
603706,东方环宇,2774456760.0,2018-07-09,287488176.92,45942303.18,390733974.13,58245986.78,459146127.63,70579513.41,804633153.87,104532940.07,367692128.61,52189873.08,507507485.07,77272176.1,631542986.84,85912226.43,988344645.81,155814225.93,395814509.27,62857176.57,525467211.71,81659454.14,636624413.54,91346390.97,,
605218,伟时电子,3639452166.0,2020-09-28,221947704.45,15553140.09,467661552.59,37853148.33,732747014.87,56814610.01,1101607723.36,81691193.97,310082556.79,25861622.83,590228777.78,39163717.93,876014751.25,40690323.75,1200514740.14,52396409.89,328453790.85,6196541.21,606298423.7,35119892.6,1023652495.0,76671467.29,,
688325,赛微微电,3926475461.0,2022-04-22,,,,,,,180117355.5,32458620.36,73575606.84,16664680.61,163933799.6,42061523.72,246447175.58,62031206.42,339183824.66,89216117.67,53387601.51,12120298.9,108974893.19,27727824.8,144681157.92,25606047.13,,
688511,天微电子,2953600000.0,2021-07-30,41471875.29,17525256.84,126098718.96,56663346.54,190567920.32,90558257.55,234899280.54,112722065.4,50000614.7,28539955.91,133893342.37,74554952.42,171125084.76,89478708.07,208053761.62,114541029.41,49811503.67,23360841.65,65081668.64,28306548.28,77177636.33,29947073.3,112472026.54,44838697.35
688195,腾景科技,3835227500.0,2021-03-26,48834559.44,13308043.17,123731418.44,38345155.85,201694622.58,55903615.27,269250053.18,70891288.82,56510348.18,7596518.53,134417778.91,22654591.75,219078879.65,38815913.22,302749827.78,52281792.82,77875572.18,10357119.91,168002558.1,26851363.16,262051777.47,44844027.57,344336707.34,58384900.2
688569,铁科轨道,4952774117.0,2020-08-31,130721642.04,3017620.5,535305872.68,56743001.15,856441958.37,99539716.25,1229446487.59,149315433.29,131638313.94,5428164.28,402258531.76,36581432.84,814624250.54,104663039.55,1350723754.45,168017671.36,266461512.71,46618025.27,601138834.03,111982545.46,1011087877.27,191048494.3,1340145445.49,236916442.68
688287,观典防务,4301068590.0,2022-05-25,29234420.66,4424228.54,111565677.41,42563575.21,145622775.97,48534478.94,179768227.98,53460820.49,32770607.3,5747609.85,127306551.96,47459832.54,174579409.41,61230948.64,229863249.05,72287866.65,36980929.46,6133559.77,154949763.3,62046570.32,218385592.72,77255669.35,,
605122,四方新材,2680104700.0,2021-03-10,147518963.0,22879211.73,500756572.96,102744520.17,835405488.86,180600861.82,1179334181.49,243721039.16,222446501.86,40265768.26,507715925.72,68730083.65,792012631.8,105143596.06,1350172629.95,133863168.71,307505106.93,31053068.55,735944713.98,51432428.18,1176698881.55,50661234.5,,
605068,明新旭腾,4296664162.0,2020-11-23,125679292.81,35741076.67,344853301.46,96801639.61,567492956.94,159355481.09,808233625.13,220510223.95,203512448.18,72307344.55,372913419.91,102285223.77,574220190.78,143019410.81,820774984.34,163385464.91,135141095.52,17110354.1,279844925.71,13045897.84,533652205.3,54872233.2,,
688683,莱尔科技,3589081777.0,2021-04-12,65225766.76,7343166.88,160445907.02,26403241.13,288242351.28,49165715.67,400831591.23,63310927.81,103712116.78,15517605.1,223330666.94,31218468.75,338282855.45,53463309.95,455042332.42,67744752.2,111859401.6,10271691.55,231497805.59,22333971.44,348767142.93,39192392.02,,
603790,雅运股份,2212121600.0,2018-09-12,205198873.61,18795383.23,371924942.19,35147609.29,587394059.27,51383281.98,803846955.14,55056639.89,251087216.14,24567848.29,470522838.45,51705577.46,696187457.92,60997544.53,929576286.32,68429131.87,256434467.25,29202384.87,459825281.84,49201172.74,625450534.91,58688802.8,,
605151,西上海,2675671800.0,2020-12-15,173838177.7,14940964.76,480089923.22,48541044.15,802849585.25,85782971.06,1169797816.25,107465238.08,276269931.3,24493601.77,527524447.19,55257838.24,769688340.54,80360417.82,1070388787.43,102836130.7,303981117.75,29699576.47,554705960.19,55427589.23,938850628.11,93092964.28,,
688619,罗普特,3499588109.0,2021-02-23,25712695.1,-9781906.59,115584982.72,2028345.58,318100771.75,42162575.55,617373439.18,158481189.69,44671575.22,2083109.38,125070655.98,9027671.65,348491977.36,39604090.63,724356985.4,88121269.61,10907971.17,-12740256.07,59809418.46,-19594905.08,103663561.87,-39704032.47,,
605180,华生科技,2098200000.0,2021-04-30,46209795.63,11975742.73,132105088.63,38714458.91,235094433.34,70380958.63,368848377.0,107531560.43,152216672.69,45445554.6,334477898.7,102481383.38,493920209.1,150419789.56,642617939.96,180408690.23,80229862.59,21169702.59,143241353.63,38559437.2,211215276.4,52618367.36,,
605179,一鸣食品,4719770000.0,2020-12-28,283786884.48,-9731107.81,798667794.19,57630416.56,1366047165.1,98925473.91,1947177891.01,132441770.64,492521792.06,10046736.27,1100821797.48,60023108.32,1685157422.02,61539624.93,2316379444.25,20257776.05,556312071.37,-39952048.24,1163649728.0,-66228591.99,1805561902.12,-63987388.69,,
603220,中贝通信,4466974689.0,2018-11-15,125133442.24,-24182515.52,595210659.28,5093076.33,1150361005.43,20350049.89,2066527463.61,56930371.1,485474541.0,15377518.28,1128112130.79,61379438.07,1724681791.23,100645569.3,2641461851.75,181654031.9,404845802.98,10172987.86,1018524566.22,37714882.18,1647865282.4,67060081.54,,
688689,银河微电,3723778341.0,2021-01-27,105287192.12,8056532.8,263363639.11,30704708.19,430311532.61,49603470.38,610235005.07,69538921.58,172120876.56,17622038.0,404504217.96,57846081.97,616424412.22,105293366.71,832354020.45,140871314.6,172478617.64,20034888.67,365269762.44,53483113.34,521847961.78,64156122.72,675957754.86,86380356.62
605188,国光连锁,3865524000.0,2020-07-28,664438379.37,53437198.63,1190744230.57,76954430.2,1724414520.46,87476372.16,2254287517.49,105989354.73,597672566.02,29841132.02,1077004066.89,31591165.2,1617397001.74,37163868.34,2142707605.82,30124520.83,616343508.55,15783833.92,1123545512.21,12196150.43,1715181039.3,20341214.5,,
605055,迎丰股份,2714800000.0,2021-01-29,88819442.71,-745231.96,299701658.91,30794859.98,533426771.42,57128782.38,779660526.28,80642486.0,150898202.3,24406233.89,449606910.94,56055632.04,825325364.17,61968662.66,1261684395.0,83243350.17,310271717.05,7979508.8,663755704.2,-11309052.44,1015375596.5,-11444793.27,,
688286,敏芯股份,3170540227.0,2020-08-10,57895000.04,6236818.39,133113997.57,17043387.28,235292805.04,31036348.56,330074706.48,41636093.96,87898331.88,4340558.27,186589904.48,10217658.61,263191608.76,8435113.36,351758084.54,12424009.95,73996997.88,-2654285.86,142751443.54,-6751600.33,218040306.31,-19060088.52,,
603551,奥普家居,4611516000.0,2020-01-15,124399874.52,-30906593.15,598834238.63,52772517.42,1024556905.75,126680857.84,1593026259.54,188898972.82,351163710.25,31520995.78,904813505.2,86580990.46,1415922890.75,140450227.44,2058098466.6,31051782.56,376130473.52,27863529.69,820549490.97,100408143.69,1274312158.78,163067485.25,,
605288,凯迪股份,2618419418.0,2020-06-01,232485141.03,28230858.94,485165157.67,68184326.36,805275864.8,105334240.1,1271935745.04,172524954.92,353990898.99,36136316.54,771016442.63,60386318.96,1189965846.89,88862006.8,1718482519.07,116578332.75,293400502.46,8219571.09,616653595.83,33864868.63,883712232.89,44151617.93,,
605086,龙高股份,2800640000.0,2021-04-16,39009872.97,10635020.58,91141105.03,29073378.31,147443378.95,47504421.14,224600912.34,76211942.48,62938500.77,23837756.75,136407077.14,46018679.19,205992029.11,69770751.45,268941599.61,84484944.52,71112638.71,27145432.24,140298339.7,49984452.91,225344908.09,83805458.91,,
688528,秦川物联,1893360000.0,2020-07-01,42131373.33,5719217.16,134941541.62,27339147.97,210361578.64,34235479.02,302084839.1,46157564.78,52711998.6,860750.38,153131462.18,16865772.44,227014949.84,21337619.48,305677208.41,29203308.54,53393812.56,-7896352.76,153809079.18,-6157302.67,253149847.92,-3060715.26,,
603307,扬州金泉,3758700000.0,2023-02-16,,,,,,,596974037.46,59518653.6,,,369249600.0,42129500.0,557214750.39,71916032.44,775665366.98,101086543.43,,,573761334.75,120000339.54,860571028.51,210084540.82,,
688517,金冠电气,2640518170.0,2021-06-18,29804622.84,-7758531.58,232589264.57,30475151.01,349403859.07,40516503.95,527959266.71,74028497.47,57541015.76,1776285.45,223863947.85,26087851.88,310962117.49,30700105.06,531839447.37,69147206.88,71128471.4,2202423.92,241031131.3,22741217.6,369439894.66,34042345.03,,
603052,可川科技,3329920000.0,2022-10-11,,,,,,,559700800.03,77293723.22,,,324558651.0,46025006.52,528281134.52,79711067.56,749929120.44,103762167.58,,,420153531.61,78468771.94,678571602.08,130588052.39,905287704.35,158478090.39
605255,天普股份,2005836800.0,2020-08-25,61924412.62,10252616.88,127476308.51,21705667.61,205691874.4,36702318.28,303644055.86,62661770.2,85160764.82,19065613.86,154854822.67,29035640.3,225384450.73,37357267.26,306295754.1,39487410.91,76534826.2,9943656.78,145614220.46,15926094.34,230931859.43,22628489.68,,
603815,交建股份,4846176760.0,2019-10-21,325272296.1,13189494.67,1225121706.52,38945558.59,2402551361.43,57666989.49,4015161191.73,127512475.14,658459128.19,21345734.81,1971759147.35,63205714.08,3135495570.35,83875728.48,5127323244.04,148600058.18,886478928.5,31801338.93,2713318959.48,84817982.99,4207270008.03,123864515.46,,
688291,金橙子,2981440968.0,2022-10-26,,,,,,,135133001.83,40201232.25,,,101941915.74,30314709.02,147640150.89,40278611.93,202814929.29,52777607.35,,,105598826.68,26023536.18,143592780.17,31427185.7,,
688600,皖仪科技,3587781937.0,2020-07-03,24154414.84,-14022914.02,137348308.27,1730190.07,225161269.2,1358760.05,417273123.13,58857429.31,66196459.53,-12055846.46,193758217.51,1451666.76,345861484.77,5245363.42,562452406.95,47483382.05,114672238.35,-9182015.27,269523288.39,6303517.56,442852867.02,25607619.92,,
688193,仁度生物,2224000000.0,2022-03-30,,,,,,,249903353.74,61376519.62,86825799.85,19437639.4,140134514.79,33035932.1,223558205.6,51221003.23,292306247.3,64618882.02,93280166.18,16806634.77,169661995.8,21921636.24,240095689.86,23754699.23,,
688655,迅捷兴,1942158400.0,2021-05-11,71561113.6,6288020.28,199012479.53,23450886.34,313146428.29,36720012.92,447543182.58,56490069.15,122525329.51,14291321.26,286628242.55,35956388.88,439839186.37,57082274.57,564067210.66,64075348.41,102853271.45,3102208.33,223688875.1,20385164.3,330888623.7,42624215.04,,
603214,爱婴室,2520873832.0,2018-03-30,518980489.9,8829488.28,1095777254.86,44111522.03,1610104680.47,64111260.07,2256443054.6,116571698.82,543078327.77,11115762.6,1141586486.81,46817529.18,1653800133.18,33649074.77,2652348771.56,73478039.5,854708891.78,-12271493.11,1868657225.15,41280083.21,2621550726.31,44923518.33,,
688071,华依科技,3940902273.0,2021-07-29,18595338.61,-9903102.49,64933259.6,-16155721.88,182991653.3,21164878.51,301903232.89,41879111.4,28558801.81,-3505742.91,84836513.28,2613319.64,189123749.98,24837420.1,320700226.75,58013651.89,50096406.19,-3652485.39,70800057.22,-17924672.09,233169358.88,25740465.98,,
688118,普元信息,2575800000.0,2019-12-04,19904209.32,-23218633.3,94205028.04,-14236689.54,168347424.51,-15140208.76,360718170.7,31365211.08,39050885.13,-9954157.34,124304321.78,-10151643.77,215404395.22,-3118819.9,436429258.93,39126299.19,49388523.49,-20618261.36,136679390.44,-27520400.61,248950987.45,-28352208.94,,
603215,比依股份,3064957200.0,2022-02-18,,,,,767779409.83,70856476.74,1163326479.02,105935332.84,324029624.58,22886075.25,759944272.11,52908633.94,1205831404.97,86900484.41,1633659920.39,119867304.3,367601488.59,25473576.19,720095308.45,75905552.65,1052898686.96,131357492.44,,
688210,统联精密,3161760000.0,2021-12-27,,,123000478.92,21584528.83,236080837.96,49848047.92,336310403.44,68693801.82,70347832.91,6022697.91,156831571.24,19938353.84,261335232.08,38887377.47,354533625.45,47437301.23,97550790.36,9781320.67,220923245.24,38149246.2,357672052.28,66894904.56,,
688565,力源科技,1382827320.0,2021-05-13,1304098.36,-4327917.58,16713142.02,-7985347.92,175667263.01,20679480.96,270668357.36,44064542.4,40388463.76,4162032.0,114878217.66,11765502.57,138498894.04,14238082.55,331816845.79,17245561.57,41478451.92,6093968.43,104267619.98,10517478.7,195180377.43,-4183481.31,,
688722,同益中,4726987368.0,2021-10-19,,,146237317.99,38705226.16,193937257.72,42259913.21,282937001.96,56920801.32,76739797.81,12755637.19,155201396.59,29921323.29,238620691.42,41276804.31,330902401.78,52527856.56,115795073.82,30561428.78,282331481.42,75309261.84,457994138.24,134238961.54,,
603610,麒盛科技,4373568862.0,2019-10-29,521922697.28,69585623.46,996253546.48,128512717.56,1571564531.33,190264543.73,2259908657.28,273431017.71,652556529.53,71840886.5,1327066291.6,134827817.57,2177720870.9,251392644.63,2966828876.5,357118899.59,744246957.12,56165956.99,1433389847.87,97619628.09,2111867715.76,166741647.97,,
688589,力合微,4221205660.0,2020-07-22,20838418.07,-3330581.85,115692215.01,15146394.2,146226974.38,8010712.97,215627265.99,27820508.71,40861255.18,1282601.14,138994212.04,16197194.97,199644861.81,17351684.5,360073662.62,42037337.03,97371399.16,13475172.22,222873579.14,31742533.73,349552270.39,51399012.58,503822866.74,75073071.53
603182,嘉华股份,2777604000.0,2022-09-09,,,,,,,968548967.75,74088525.05,,,630182108.56,40770845.75,880746074.34,46194225.78,1234209683.41,79148916.87,,,760049050.27,73598734.94,1128122057.99,92674373.96,,
603697,有友食品,4117802580.0,2019-05-08,209981609.11,41095534.99,544507772.86,129368852.09,815762303.81,183946189.36,1092699479.78,225828418.33,281254936.68,60061024.26,603801221.8,129789471.53,928201708.89,181715960.06,1219673293.94,219838024.82,266463316.66,21435453.43,488585278.49,60973490.72,738838631.76,104040463.63,,
605162,新中港,3459896640.0,2021-07-07,,,242366746.87,62469758.99,387482403.36,109352231.13,570987274.04,157337870.04,141506212.22,20059572.51,330880797.78,59583299.04,515796473.1,79175690.67,770843823.61,113687473.11,211699619.3,25087022.2,479546859.55,70228937.95,684679294.2,94409280.71,,
688253,英诺特,3417847698.0,2022-07-28,,,,,,,1037100283.2,571452359.0,128989709.85,69088526.16,217092775.02,95516307.65,264373449.86,104899917.86,326906707.72,120252397.7,69495587.09,26354180.71,249793959.59,108568992.34,310532891.94,127691880.56,,
605186,健麾信息,4392800000.0,2020-12-22,30462390.9,5883216.9,125613425.79,42637088.71,177759197.37,59040696.18,286806988.65,95739268.21,40811846.52,6374142.56,151665389.91,51762534.45,285036667.4,77811695.98,489755358.9,117618137.99,45380407.33,7052836.21,161885617.06,54360227.05,275357637.72,85660699.49,,
688113,联测科技,3183089000.0,2021-05-06,23794454.76,-440903.84,156447919.3,26553658.91,242471639.97,42090051.18,358488505.25,72569058.53,77724133.48,17552866.93,164500921.29,36780881.8,251367864.2,50845887.87,338918501.99,76510352.42,81528743.1,23046681.8,173666688.76,47882612.55,257522802.37,65402735.71,,
688156,路德环境,2817399680.0,2020-09-22,16999778.68,-9073203.46,81760934.13,2931310.79,150462403.57,22346702.95,250399501.97,47740797.49,49486781.28,8385263.99,147851457.25,30548302.38,236137254.95,45819808.48,382000137.03,75539102.26,57114167.43,3842222.07,150514214.12,18382895.02,229952062.78,23271027.19,,
688679,通源环境,1715916465.0,2020-12-25,102536148.94,2657114.14,303371650.56,27189274.07,518283181.18,54513719.08,853496821.48,90421649.55,136976672.29,-1045870.08,385566029.19,23892317.04,649294187.37,29596590.29,962288251.4,50127570.35,209960508.36,-1359392.08,525929106.47,27525797.04,854649782.57,35802554.69,,
688092,爱科科技,1663922392.0,2021-03-19,30114927.72,6081950.61,84878357.29,17538944.91,150065624.51,30803766.57,222569617.16,48892915.81,53973407.63,8641472.4,140958449.95,23270831.46,226322093.82,43178611.26,318828666.89,53224773.63,68125708.48,9272878.57,130253234.08,20353534.56,212408048.46,41220677.37,,
603681,永冠新材,4262196123.0,2019-03-26,398845564.96,17989856.18,1076442303.98,68654754.61,1736829196.04,138623186.3,2414078217.26,175501135.23,710063680.17,60440840.78,1677148186.69,130777284.86,2649961157.23,194403156.99,3840048136.62,225511978.96,1074070355.48,67602204.52,2313040022.23,157926689.16,3740340228.66,238205099.0,,
688510,航亚科技,4361498423.0,2020-12-16,67156897.26,11619475.1,154533617.24,29247438.95,220649606.06,39441420.03,301120950.84,59896575.83,58512400.79,2659376.27,131478096.87,10494085.73,211187593.4,11068074.45,312636485.65,24271104.15,61813276.31,1928475.31,161803827.76,7513733.01,249602670.26,8771106.98,,
688685,迈信林,2275368007.0,2021-05-13,22192656.85,1154752.05,122386063.57,19767882.75,184759335.69,26476748.61,288633639.42,51199325.91,65606134.59,4871240.32,145594741.12,15131814.06,208742116.97,27003079.57,320719681.94,50962035.15,58096462.17,11419283.37,132604387.33,20689686.33,215309881.49,26790851.95,,
603682,锦和商管,2688525000.0,2020-04-21,192979776.91,43045441.96,373584593.62,79436740.74,558906781.85,119184918.71,739262605.41,156135098.46,186976111.67,29409480.56,409848843.53,66665944.96,667298650.78,96899008.67,908759534.64,124064165.93,261351671.27,31502809.2,520665715.36,63270797.76,698498684.62,87079690.38,881748840.98,97037443.74
688203,海正生材,3638071321.0,2022-08-16,,,,,,,262662586.88,30377690.35,125358985.09,13993774.4,265548549.67,21789277.08,428534997.34,28660824.72,585005074.82,35274798.95,175316895.2,9938146.65,302617943.44,21360228.19,478784762.45,42030100.16,605432444.66,47031528.75
603190,亚通精工,3721200000.0,2023-02-17,,,,,,,1314781422.35,192294320.49,,,836857924.29,103323876.56,1131672933.64,126875855.24,1493865093.19,162063867.43,,,620293163.56,83506720.02,972494080.86,113079492.37,,
605166,聚合顺,3654106403.0,2020-06-18,446047229.19,18931642.61,1034086185.95,41660671.12,1703365277.09,62536915.89,2564309820.99,115835682.43,1031914950.77,62292975.86,2461520843.09,145941491.56,3799517563.87,200021595.54,5404825907.93,238839969.49,1890744459.7,62645525.81,3376850458.34,133211329.74,4818660229.64,204206064.58,,
603192,汇得科技,2796906673.0,2018-08-28,211489155.83,17723448.79,478966969.23,41703644.27,943056372.31,70261138.81,1497717810.42,124220223.59,539819426.5,25102437.29,1307492635.88,55791832.94,2268776669.68,90477192.96,3191417631.67,117757909.75,820921015.08,21013290.29,1628134530.91,42830074.19,2365544225.45,63524599.86,,
688328,深科达,2062468000.0,2021-03-09,57115749.68,-5779236.02,194886163.8,14338562.57,333553179.76,26432383.52,648023211.21,72777939.91,206171197.56,21055507.1,413516657.51,25704833.22,711042315.67,37669815.92,910920747.11,55744819.26,164535638.06,5557093.22,352708045.33,18726674.12,458176921.33,8223069.88,,
688448,磁谷科技,1861339932.0,2022-09-21,,,,,,,251230419.27,48245097.78,,,96202624.44,12011016.77,164412271.52,23281535.64,311605390.47,59759341.39,,,98369234.47,4269077.06,179772232.4,20877566.21,,
688077,大地熊,3728712480.0,2020-07-22,113753832.46,5271651.68,327512638.23,21947677.31,515704608.61,32364716.95,782160957.71,52201514.99,294715538.66,30140219.57,723357900.45,66621189.92,1146834401.96,105090973.28,1654565278.08,151942997.56,473936964.27,52314256.99,1069579570.89,113170844.49,1555350638.68,141049228.67,,
688609,九联科技,4395000000.0,2021-03-23,343592026.52,-12785151.27,1038157515.52,10614081.13,1350041061.21,45133918.51,2027841564.91,135841413.4,487986918.39,-1084896.54,1163242139.74,30857317.22,1828291846.64,31597058.69,2795929715.06,98357325.37,493636712.74,6891644.31,1362478782.82,51229461.67,1881193232.52,47252434.42,,
688121,卓然股份,4789013341.0,2021-09-06,,,401503042.82,24251510.79,1882574855.76,181992133.37,2727506812.37,248439904.48,103142243.7,-41915181.84,1874905489.28,104728246.28,2198044182.87,127096606.72,3900886604.75,315245664.84,33271183.77,-58470050.68,1680698613.25,82734743.76,1728965616.25,66733644.33,,
688585,上纬新材,4056192000.0,2020-09-28,235136678.34,7283811.02,713436466.24,46039125.11,1311478798.75,99862578.95,1945961890.85,118950935.96,429819237.76,-14582098.84,1007980120.18,-2620138.47,1495814449.18,-6159433.93,2072589672.29,12577116.14,488638160.65,19182926.34,984077177.97,36510539.88,1434044663.71,57746181.13,,
603516,淳中科技,3661158101.0,2018-02-02,50374109.35,2328050.06,161304804.38,40364194.81,316284931.04,84249522.38,482603631.76,128291330.97,85894963.52,11874510.27,205754899.1,27705195.44,330157621.57,51052385.65,468096139.8,83105394.7,66610048.09,-8371580.73,170383982.68,18712638.05,270822171.49,21568318.15,380808567.66,29320659.23
688137,近岸蛋白,4901754414.0,2022-09-29,,,,,,,179841044.15,83046320.66,,,131104090.51,53262206.82,277583731.81,127816354.33,341895855.16,149005616.48,,,166337539.64,71302290.86,212629893.17,90105051.52,,
688045,必易微,4581397103.0,2022-05-26,,,,,,,429485757.4,38562101.45,148416145.17,22384314.03,378329257.38,93302418.97,654687537.94,188898268.79,886952757.31,239704155.95,167932935.1,29174733.95,313723045.76,52047325.45,400916829.18,35201198.64,525816303.85,37963469.63
688260,昀冢科技,2076000000.0,2021-04-06,111534034.68,11207898.53,265729991.75,34083726.12,394875531.0,43112220.51,553677200.28,56138081.09,135369012.12,8682558.5,237291562.77,-85025.55,350076474.2,-8416708.73,519704136.74,15499374.89,125645397.05,5782931.82,255174441.21,14110938.74,384029566.9,3909366.12,,
605189,富春染织,2605825065.0,2021-05-28,208183374.1,9910634.81,590867451.79,24493804.5,997440412.98,54722479.89,1515012830.93,113313164.79,329250015.88,38807050.49,924583504.2,102596685.23,1511041024.07,162372130.58,2175094971.63,232734548.49,474195475.69,26109379.62,1042869976.27,119492268.79,1617471887.77,139963688.27,2207590080.57,162899421.43
688079,美迪凯,4643426674.0,2021-03-02,95652472.37,35175353.96,200814481.51,70012915.59,310894535.58,109304803.82,422552307.68,144078123.15,111524632.66,27131124.54,208493251.83,47497958.78,318113602.93,71185454.48,439467116.86,99921316.95,106345127.77,14889612.37,207125615.91,4346851.2,323744184.37,8801370.96,,
603121,华培动力,2430672074.0,2019-01-11,122440713.03,13071390.06,276846854.36,29736181.93,441246128.11,49188141.43,638442969.56,58928691.82,230587475.5,25788908.48,461154315.84,44108645.96,705777338.36,61118796.62,921294959.24,68177913.77,213879415.51,4007438.16,390632984.81,1461503.24,626671398.41,11045417.53,,
688622,禾信仪器,2973498303.0,2021-09-13,,,76776788.46,8659339.16,159362721.95,30087156.97,312272106.42,69453951.06,49738626.48,979900.05,128136617.83,14755775.62,240696767.81,39288298.33,464237256.58,78574746.75,45134456.52,-12333292.83,109406579.76,-16988503.12,150909898.71,-43820669.08,,
688227,品高股份,3471927495.0,2021-12-30,,,65397042.25,-16135847.17,155442337.28,-18041800.33,461651482.74,48040319.88,39602021.35,-14140925.47,102135451.6,-12244359.24,182628021.76,-16718478.63,471003782.06,55618852.01,51780403.96,-13801283.84,104142671.57,-17898304.15,188613577.73,-15325456.74,,
601956,东贝集团,3678177741.0,2020-12-25,873058707.98,-4387738.76,2121825299.82,31314186.58,3601263469.37,78171052.82,5211242709.81,109921427.98,1385438055.07,22064527.38,3190460170.54,22811007.85,4541811466.42,22982323.01,6059536690.3,31884063.41,1352326951.52,32399807.79,2809759531.67,69036945.83,4199119580.03,93481046.89,5345263618.25,142036399.47
688070,纵横股份,4043568600.0,2021-02-10,18217289.41,-3140193.99,94739214.5,10181765.4,163685031.06,20955899.16,271808806.76,40978240.39,21380793.91,-11879813.84,70993474.9,-21148045.45,123762198.5,-18088315.88,250341077.85,-22932799.94,47538577.8,-2288033.55,118286327.37,-1109877.01,185985403.85,-7926620.66,,
603280,南方路机,2788219475.0,2022-11-08,,,479738223.77,63351300.78,,,1141384931.81,144858275.59,,,,,838478304.62,109355123.44,1284423857.56,155493974.37,,,572155755.06,56624563.57,853902250.61,92113747.7,,
603173,福斯达,4088000000.0,2023-01-30,,,,,,,1078081873.91,144757274.0,,,712365317.06,87497570.76,893388530.69,83250184.36,1446383661.03,160169355.36,,,786591399.41,55785288.85,1271541246.54,111948243.44,,
603773,沃格光电,3742050849.0,2018-04-17,105300068.64,-6256489.09,269455441.68,9017166.81,435789494.25,14896270.2,604157536.52,14110621.93,188790945.05,10905073.91,401849551.17,2456039.55,678141939.41,-6704720.03,1049995306.7,-26862904.82,356127443.09,2336468.3,745488929.06,-4945472.71,1071967058.4,-34535496.79,,
688426,康为世纪,4053285650.0,2022-10-25,,,,,,,233211712.72,108156513.77,86300115.96,36555405.76,,,235890286.2,86435004.99,338463302.31,125847387.64,122614896.09,38884531.38,265566868.41,100062840.78,397953304.13,145256676.64,,
688216,气派科技,3282680300.0,2021-06-23,79370275.94,1415001.11,221178152.66,27154499.14,380338291.7,55580053.14,548004476.71,80370028.8,152677498.96,20229253.7,366218391.8,68039076.95,594050081.85,109303774.51,809363651.36,134587375.05,126427961.27,-6108241.93,287201517.19,-652509.27,407622049.87,-23768139.51,,
688786,悦安新材,4145587616.0,2021-08-26,,,84311906.68,19960329.35,170649548.08,34199716.86,256404776.81,51827635.92,76860610.37,16503888.06,175158096.64,44537556.82,303663230.61,65682167.29,403071232.94,88683103.73,103698599.68,26985917.82,232029921.57,56066407.49,343883125.54,79205749.6,427662763.11,98795342.26
605389,长龄液压,3934021361.0,2021-03-22,156156178.84,43345509.56,402098446.13,116136063.63,591476952.48,170578178.74,867075361.06,235857142.26,289804343.99,72837592.9,518835911.2,120448549.35,678283097.93,157691115.94,906500138.89,201509816.09,277496693.92,42201819.32,441009598.19,67622073.03,651908085.33,94469130.48,,
688132,邦彦技术,4202937882.0,2022-09-23,,,30887296.81,-23510594.94,,,278577608.64,71101219.02,,,42016648.81,-16298435.87,124422004.33,6808627.52,308303318.09,79268423.08,,,129318332.24,-5054213.71,183095707.29,-21569930.29,,
688628,优利德,4439044800.0,2021-02-01,208894064.7,52754821.8,516835775.66,112085519.33,707870466.68,140318310.21,885563545.51,146994649.38,264626785.83,47325324.17,486810281.44,75567694.43,676959101.14,100159298.69,842147050.18,108720753.25,315055711.17,53057869.63,520919291.31,76889613.99,695760111.61,92552859.73,,
688669,聚石化学,2338000017.0,2021-01-25,319601086.53,28830471.86,802876380.11,85570879.66,1333456793.65,135137463.56,1924446040.9,158755369.76,570882563.44,26293062.06,1225029971.19,53880494.64,1863659696.3,67747931.22,2541722649.58,83075841.07,943789396.16,16950318.51,2119514417.97,58240350.05,3221967677.07,39866819.81,3957415541.72,45048409.19
688418,震有科技,3328155900.0,2020-07-22,24302832.15,-17276603.76,210803411.41,7321720.52,271337514.79,14554307.83,499891186.51,43110574.71,29624620.39,-28169739.62,193946619.1,-14844986.63,269030599.46,-69961267.48,464294559.75,-101529634.56,65247304.48,-36769569.99,240618754.49,-48235026.67,363573990.86,-92199101.38,,
688323,瑞华泰,4611600000.0,2021-04-28,60547184.31,11359507.42,115217056.1,19845494.05,282176556.77,46048385.76,350161598.49,58536675.34,80255090.86,16877405.8,158632738.83,31799357.82,241107615.99,44315038.64,318815848.56,56050404.79,80787848.89,12281757.37,162151865.51,27055711.33,223425717.85,35368964.98,301711595.69,38874082.1
603051,鹿山新材,4773266850.0,2022-03-25,,,,,,,1011511935.47,115739711.94,303498566.07,29240771.65,718364477.1,50417601.7,1171215215.92,70676849.48,1693205534.42,112964001.67,500804099.7,32766444.35,1310215679.15,77150971.65,1982561572.87,91200035.78,,
688244,永信至诚,3292708914.0,2022-10-19,,,,,,,291641966.6,42299522.96,,,81360768.64,-20319995.35,121085146.28,-35531438.57,320165894.71,47071480.83,,,70273363.64,-17213204.49,124080179.79,-22004156.02,,
688285,高铁电气,3352743125.0,2021-10-20,,,653859524.03,83376137.3,1006748417.76,137707501.84,1354579131.11,158826260.28,300828580.46,33863174.35,805784998.98,81289460.3,1098731739.29,101307178.67,1415012243.96,141190250.27,263340797.83,21616990.33,636713428.55,57114385.63,874592351.75,75530912.92,1488367303.16,141700402.73
688611,杭州柯林,3199157000.0,2021-04-12,18093041.81,5949542.79,48407353.33,15413853.93,83474934.47,27761562.89,237117305.28,105805295.27,22728971.15,7276155.2,61643721.64,17182666.98,92133444.39,33001368.14,243058476.0,100643080.96,30446373.38,10822972.76,80552009.92,29507046.97,94126499.31,27061379.82,,
688143,长盈通,4212504287.0,2022-12-12,,,,,,,215453433.36,54097981.85,,,111320403.36,26796612.13,160981720.69,37051160.0,261916054.94,76588558.96,,,145751252.66,40995426.85,212841421.13,51093490.56,,
688350,富淼科技,2690964500.0,2021-01-28,229084196.31,26312125.21,514612992.29,57564233.97,819262650.37,88857556.73,1134782996.12,104910487.86,313304737.6,34265986.23,667460031.82,62109220.49,1036586970.58,90062934.51,1452319318.41,107253147.54,377916101.28,27852502.07,793435522.96,62270918.62,1236567994.71,88841152.46,,
